reference_answer,answer_model_chatgpt,answer_model_gemini,answer_model_mistral,answer_model_abhishek
"വിദ്യാർത്ഥിജീവിതത്തിൽ പുസ്തകങ്ങൾക്ക് മാത്രമല്ല സ്ഥാനമു ള്ളത്. അവരിലുള്ള ശാരീരികവും മാനസികവും, ആത്മീയവുമായ ഉത്ത മാശയങ്ങളുടെ ആവിഷ്ക്കാരമാണ് വിദ്യാഭ്യാസം എന്നതുകൊണ്ട് ഗാന്ധിജി ഉദ്ദേശിക്കുന്നത്. 'ആരോഗ്യമുള്ള ശരീരത്തിലെ ആരോഗ്യമുള്ള മനസ്സുണ്ടാകൂ'. അതിനാൽ വിദ്യാർത്ഥികളുടെ ശാരീരികമായ വളർച്ചയ്ക്ക് കായികവിനോദങ്ങൾ ഒഴിച്ചുകൂടാനാവാത്ത ഒരു ഘടകമാണ്.

കായികവിനോദങ്ങൾ മനസ്സിനും ശരീരത്തിനും ശക്തിപകരുന്നു. വ്യക്തിത്വവികസനത്തിനും, സംസ്കാരസമ്പന്നതയ്ക്കും അത് സഹാ യകമാകുന്നു. ബുദ്ധിക്ക് ഉണർവേകി കാര്യക്ഷമമായ പഠനത്തിനും കായികവിനോദങ്ങൾ സഹായിക്കുന്നു. വളർന്നു കൊണ്ടിരിക്കുന്ന വിദ്യാർത്ഥികളുടെ ശരീരഘടനകൾ സമ്പുഷ്ടമാക്കുന്നതിന് കായിക വിനോദങ്ങൾ ഒരത്യാവശ്യ ഘടകം തന്നെ. കായികവിനോദങ്ങൾ വിദ്യാർത്ഥികളുടെ ബുദ്ധിയെ ചൈതന്യപൂർണ്ണവും പരിപക്വവുമാ ക്കുന്നു.

ധീരമായ മനസ്സും, ഉരുക്കിന്റെ പേശികളുമുള്ള യുവാക്കളെയാണ് ഭാവിഭാരതത്തിനാവശ്യമെന്ന് സ്വാമി വിവേകാനന്ദൻ പറഞ്ഞിട്ടുണ്ട്. ക്ഷേത്രാങ്കണത്തിനൊപ്പം, ഫുട്ബോൾ കോർട്ടുകളും വേണമെന്ന അദ്ദേ ഹത്തിന്റെ നിർദ്ദേശം കായികവിദ്യാഭ്യാസത്തിന്റെ പ്രാധാന്യത്തെയാണ് കാണിക്കുന്നത്. കുട്ടികളിൽ മെച്ചപ്പെട്ട സാമൂഹികബോധം, അച്ചടക്കം, മാത്സര്യബുദ്ധി, ആത്മവിശ്വാസം ഇവ രൂപീകരിക്കാനും, നല്ല വ്യക്തി ത്വത്തിന് ഉടമയാകാനും കായികവിദ്യാഭ്യാസം സഹായകമാകുന്നു.

രാഷ്ട്രപുരോഗതിയിൽ മനുഷ്യവിഭവശേഷി, വിലതീരാത്ത സമ്പ ത്താണ്. കായികശേഷിഫലപ്രദമായി ഉപയോഗിക്കുവാൻ കഴിയുന്ന ഏക ജീവി മനുഷ്യനാണ്. ബുദ്ധിയുടെ പിൻബലത്തോടെ തന്റെ കായിക ശേഷി നിർവഹിക്കുമ്പോൾ മണ്ണിൽ സ്വർഗ്ഗം രചിക്കാൻ മനുഷ്യനുകഴി യുന്നു. ഭാവിജീവിതത്തിൽ വിദ്യാർത്ഥികൾ വിഭവശേഷിയുള്ള സമ്പ ത്തായി മാറുവാൻ കായികവിദ്യാഭ്യാസം ഉപകരിക്കുന്നു.

വിദ്യാർത്ഥികളിലെ നൈപുണ്യങ്ങളും വൈദഗ്ദ്ധ്യങ്ങളും പരമാവധി വികസിപ്പിക്കുവാൻ കായികവിദ്യാഭ്യാസംകൊണ്ട് കഴിയുന്നു. അച്ചട ക്കവും സാമൂഹ്യസ്നേഹവും ഒത്തുചേർന്ന ഒരു കായികതാരം രാജ്യ ത്തിന് വലിയ മുതൽക്കൂട്ടായിരിക്കും.

ഇന്ന് കായികതാരങ്ങൾക്ക് എല്ലാരംഗത്തും പ്രാധാന്യം കൊടുത്തു വരികയാണ്. സ്കൂൾതലത്തിൽ മികച്ച പ്രകടനം കാഴ്ചവയ്ക്കുന്നവരായി രിക്കും ഭാവിയിൽ ലോകകായികരംഗത്തേയ്ക്കുയരുന്നത്. പി.ടി. ഉഷ, ഷൈനി വിൽസൻ തുടങ്ങിയവർ ഇതിനുദാഹരണമാണ്.

കായികതാരങ്ങളെ ആ രംഗത്ത് പിടിച്ചുനിർത്തുവാനായി സർക്കാർ സർവ്വീസുകളിലും, സ്വകാര്യ ഏജൻസികളുടെ പ്രോജക്ടുകളിലും കായിക താരങ്ങൾക്ക് പ്രത്യേക സീറ്റ് അനുവദിച്ചിട്ടുണ്ട്. ഐ.എ.എസ്, ഐ.പി.എസ് തുടങ്ങിയ സിവിൽ സർവ്വീസ് പരീക്ഷകളിൽ ശാരീരികക്ഷമതകൂടി കണ ക്കാക്കിയാണ് തെരഞ്ഞെടുപ്പ് നടത്തുന്നത്. കായിക താരങ്ങൾക്ക്

കോളർഷിപ്പുകളും മറ്റ് പഠനസൗകര്യങ്ങളും നൽകുന്നു. ഉന്നതപഠന ത്തിനും, ഉദ്യോഗരംഗത്തും, കായികവിനോദങ്ങളിൽ മുന്നിട്ടുനിൽക്കു ന്നവർക്കാണ് പ്രാധാന്യം കൽപ്പിച്ചിരിക്കുന്നത്. അതായത് പഠനത്തിൽ കുറച്ച് പിന്നിലായാലും കായികരംഗത്ത് തകർച്ചയുണ്ടാകില്ല. അതു കൊണ്ട് കായികരംഗത്തേക്കുവരാൻ കൂടുതൽ വിദ്യാർത്ഥികൾ തയ്യാ റാകണം.","വിദ്യാർത്ഥികളുടെ ജീവിതത്തിലെ കായിക വിനോദങ്ങളും ഗെയിമുകളും

വിദ്യാർത്ഥികളുടെ വിദ്യാഭ്യാസ യാത്രയിൽ പാഠപുസ്തകങ്ങൾക്കൊപ്പം പ്രധാന പങ്ക് വഹിക്കുന്നത് കായിക വിനോദങ്ങളും ഗെയിമുകളുമാണ്. പഠനത്തിന് പുറമേ ശാരീരികവും മാനസികവുമായ വികസനം സാധ്യമാകുന്നതാണ് കായികപ്രവർത്തനങ്ങളിലൂടെ. സ്കൂളുകളിലും കോളജുകളിലുമെല്ലാം ഈ മേഖലയ്ക്ക് പ്രത്യേകം ശ്രദ്ധ കൊടുക്കുന്നത് അതിന്റെ പ്രസക്തിയും പ്രാധാന്യവും തിരിച്ചറിഞ്ഞിട്ടാണ്.

കായിക വിനോദങ്ങൾ വിദ്യാർത്ഥികളിൽ ശാരീരിക ക്ഷമതയും ആത്മവിശ്വാസവും വളർത്തുന്നു. വോളിബോൾ, ഫുട്ബോൾ, ക്രിക്കറ്റ്, ബാഡ്മിന്റൺ തുടങ്ങിയ ടീമുകളായുള്ള ഗെയിമുകൾ കൂട്ടായ്മയുടെ മഹത്വം പഠിപ്പിക്കുന്നു. അതിലൂടെ സഹിഷ്ണുത, അനുസരണശീലം, ത്യാഗബോധം എന്നിവ വിദ്യാർത്ഥികളുടെ സ്വഭാവത്തിലെ ഭാഗമാകുന്നു. വ്യക്തിഗത കളികളായ ജിംനാസ്റ്റിക്സ്, റണ്ണിംഗ്, ഷൂട്ടിംഗ് മുതലായവ ആത്മസംയമനവും കേന്ദ്രീകരിക്കാനുള്ള ശേഷിയും വർദ്ധിപ്പിക്കുന്നു.

ഇന്ത്യയിലെ വിദ്യാഭ്യാസ സ്ഥാപനങ്ങളിൽ കായിക മത്സരങ്ങൾ, വാർഷിക കായികമേളകൾ എന്നിവ വിദ്യാർത്ഥികളിൽ മത്സരമനോഭാവം വളർത്തുന്നതിനും പ്രതിഭ പ്രകടിപ്പിക്കുന്നതിനും അവസരമായി മാറുന്നു. അതോടൊപ്പം തന്നെ മനസ്സിന്റെ ശാന്തിയും ഉല്ലാസവും നൽകുന്ന വിശ്രമസമയമായി ഗെയിമുകൾ നിലകൊള്ളുന്നു.

ഇപ്പോൾ ഡിജിറ്റൽ ഗെയിമുകളും വിദ്യാർത്ഥികളിൽ വളരെയധികം ശ്രദ്ധ പിടിച്ചു പിടിച്ചിരിക്കുന്നു. അതിനാൽ തന്നെ ഫിസിക്കൽ ഗെയിമുകളുടെ പ്രസക്തി കുറയുന്നത് ചിലപ്പോൾ വിഷമം സൃഷ്ടിക്കുന്നതാണ്. വിദ്യാർത്ഥികൾക്ക് ഫിസിക്കൽ ആക്ടിവിറ്റികളിൽ കൂടുതൽ പങ്കെടുക്കാനും എക്സർസൈസുകൾക്ക് സമയം നൽകാനും സ്‌കൂളുകളും രക്ഷിതാക്കളും പ്രോത്സാഹനം നൽകേണ്ടതുണ്ട്.

സംഹാരമായി, കായിക വിനോദങ്ങളും ഗെയിമുകളും വിദ്യാർത്ഥികളുടെ സമഗ്ര വികസനത്തിനാവശ്യമായ ഒരു ഭാഗമാണ്. അതു ശരീരത്തിന്റെയും മനസ്സിന്റെയും ആരോഗ്യത്തിന് ഉപകാരപ്പെടുന്നതേയല്ല, ഭാവിയിലെ മികച്ച പൗരന്മാരെ വളർത്തുന്നതിനും സഹായിക്കുന്നു. അതുകൊണ്ടുതന്നെ, പഠനത്തിനൊപ്പമുള്ള കായികം ജീവിതത്തിൽ അവിഭാജ്യമായി ഇടം പിടിക്കേണ്ടതുണ്ട്.","വിദ്യാർത്ഥികളുടെ ജീവിതത്തിൽ കായിക വിനോദങ്ങളുടെയും ഗെയിമുകളുടെയും പ്രാധാന്യം വളരെ വലുതാണ്. പഠനത്തോടൊപ്പം കായിക വിനോദങ്ങളിലും ഏർപ്പെടുന്നത് വിദ്യാർത്ഥികളുടെ ശാരീരികവും മാനസികവുമായ ആരോഗ്യത്തിന് അത്യാവശ്യമാണ്.

ശാരീരിക ആരോഗ്യം:

    ഗെയിമുകൾ കളിക്കുന്നതിലൂടെ വിദ്യാർത്ഥികളുടെ പേശികൾക്ക് ബലം ലഭിക്കുകയും ശരീരത്തിന് വഴക്കം ഉണ്ടാവുകയും ചെയ്യുന്നു.
    ഹൃദയത്തിന്റെയും ശ്വാസകോശത്തിന്റെയും ആരോഗ്യം മെച്ചപ്പെടുത്തുന്നു.
    ശരീരത്തിലെ കൊഴുപ്പ് കുറയ്ക്കാനും ശരീരഭാരം നിയന്ത്രിക്കാനും സഹായിക്കുന്നു.
    രോഗപ്രതിരോധശേഷി വർദ്ധിപ്പിക്കുന്നു.
    നല്ല ഉറക്കം ലഭിക്കാൻ സഹായിക്കുന്നു.

മാനസിക ആരോഗ്യം:

    മാനസിക സമ്മർദ്ദം കുറയ്ക്കാൻ സഹായിക്കുന്നു.
    ഏകാഗ്രതയും ഓർമ്മശക്തിയും വർദ്ധിപ്പിക്കുന്നു.
    ആത്മവിശ്വാസം വളർത്തുന്നു.
    ടീം വർക്കിന്റെ പ്രാധാന്യം മനസ്സിലാക്കാൻ സഹായിക്കുന്നു.
    പരാജയങ്ങളെ എങ്ങനെ നേരിടണമെന്ന് പഠിപ്പിക്കുന്നു.
    സൗഹൃദങ്ങൾ വളർത്താൻ സഹായിക്കുന്നു.

സാമൂഹിക ഗുണങ്ങൾ:

    വിദ്യാർത്ഥികൾക്കിടയിൽ സൗഹൃദങ്ങൾ വളർത്താൻ കായിക വിനോദങ്ങൾ സഹായിക്കുന്നു.
    ടീം വർക്കിന്റെ പ്രാധാന്യം മനസ്സിലാക്കാൻ സാധിക്കുന്നു.
    സാമൂഹികമായ ഉത്തരവാദിത്തബോധം വളർത്തുന്നു.
    വിജയങ്ങളെയും പരാജയങ്ങളെയും എങ്ങനെ നേരിടണമെന്ന് മനസ്സിലാക്കാൻ സാധിക്കുന്നു.

ഓരോ വിദ്യാർത്ഥിയും അവരവരുടെ അഭിരുചിക്കനുസരിച്ചുള്ള കായിക വിനോദങ്ങളിൽ ഏർപ്പെടേണ്ടത് അത്യാവശ്യമാണ്. അതിലൂടെ ശാരീരികവും മാനസികവുമായ ആരോഗ്യം മെച്ചപ്പെടുത്താനും മികച്ച ഒരു വ്യക്തിയായി വളരാനും സാധിക്കും.

കൂടുതൽ വിവരങ്ങൾ ആവശ്യമുണ്ടെങ്കിൽ ചോദിക്കാവുന്നതാണ്.","വിദ്യാർത്ഥികളുടെ ജീവിതത്തിൽ കായിക വിനോദങ്ങളും ഗെയിമുകളും വളരെ പ്രധാനമായ പങ്ക് വഹിക്കുന്നു. അവ ശാരീരികവും മാനസികവുമായ വളർച്ചയ്ക്ക് സഹായിക്കുന്നു. ഇവിടെ ഈ വിഷയത്തെക്കുറിച്ച് ഒരു ഉപന്യാസം എഴുതാം:
കായിക വിനോദങ്ങളും ഗെയിമുകളും വിദ്യാർത്ഥികളുടെ ജീവിതത്തിൽ

വിദ്യാർത്ഥികളുടെ ജീവിതത്തിൽ കായിക വിനോദങ്ങളും ഗെയിമുകളും അവിഭാജ്യ ഘടകങ്ങളാണ്. അവ വിദ്യാർത്ഥികളുടെ ശാരീരികവും മാനസികവുമായ വളർച്ചയ്ക്ക് സഹായിക്കുന്നു. കായിക വിനോദങ്ങൾ ശാരീരിക ആരോഗ്യം മെച്ചപ്പെടുത്തുന്നതിനും ഊർജ്ജം വർദ്ധിപ്പിക്കുന്നതിനും സഹായിക്കുന്നു. ഗെയിമുകൾ മാനസിക സമത്വം നിലനിർത്തുന്നതിനും സാമൂഹിക ബന്ധങ്ങൾ വളർത്തുന്നതിനും സഹായിക്കുന്നു.
കായിക വിനോദങ്ങളുടെ പ്രാധാന്യം

കായിക വിനോദങ്ങൾ വിദ്യാർത്ഥികളുടെ ശാരീരിക ആരോഗ്യം മെച്ചപ്പെടുത്തുന്നതിനും ഊർജ്ജം വർദ്ധിപ്പിക്കുന്നതിനും സഹായിക്കുന്നു. അതുപോലെ, അവ മാനസിക സമത്വം നിലനിർത്തുന്നതിനും സഹായിക്കുന്നു. കായിക വിനോദങ്ങൾ വിദ്യാർത്ഥികളെ സംഘടിതവും സഹകരണപരവുമായ പ്രവർത്തനങ്ങളിൽ ഏർപ്പെടുത്തുന്നു. ഇത് അവരുടെ സാമൂഹിക ബന്ധങ്ങൾ വളർത്തുന്നതിനും സഹായിക്കുന്നു.
ഗെയിമുകളുടെ പ്രാധാന്യം

ഗെയിമുകൾ വിദ്യാർത്ഥികളുടെ മാനസിക സമത്വം നിലനിർത്തുന്നതിനും സാമൂഹിക ബന്ധങ്ങൾ വളർത്തുന്നതിനും സഹായിക്കുന്നു. അവ വിദ്യാർത്ഥികളെ സംഘടിതവും സഹകരണപരവുമായ പ്രവർത്തനങ്ങളിൽ ഏർപ്പെടുത്തുന്നു. ഇത് അവരുടെ സാമൂഹിക ബന്ധങ്ങൾ വളർത്തുന്നതിനും സഹായിക്കുന്നു.
അവസാനം

മുഴുവൻ സമയവും പഠനത്തിനായി ചെലവഴിക്കുന്നത് വിദ്യാർത്ഥികൾക്ക് സാധാരണയായി കാണാം. എന്നാൽ, കായിക വിനോദങ്ങളും ഗെയിമുകളും അവരുടെ ജീവിതത്തിന്റെ അവിഭാജ്യ ഘടകങ്ങളാണ്. അവ വിദ്യാർത്ഥികളുടെ ശാരീരികവും മാനസികവുമായ വളർച്ചയ്ക്ക് സഹായിക്കുന്നു. അതിനാൽ, വിദ്യാർത്ഥികൾക്ക് അവരുടെ ജീവിതത്തിൽ കായിക വിനോദങ്ങളും ഗെയിമുകളും ഉൾപ്പെടുത്തുന്നത് പ്രധാനമാണ്.

ഈ ഉപന്യാസം വിദ്യാർത്ഥികളുടെ ജീവിതത്തിൽ കായിക വിനോദങ്ങളുടെയും ഗെയിമുകളുടെയും പ്രാധാന്യം വിശദീകരിക്കുന്നു. അവ വിദ്യാർത്ഥികളുടെ ശാരീരികവും മാനസികവുമായ വളർച്ചയ്ക്ക് സഹായിക്കുന്നു.","വിദ്യാർത്ഥികളുടെ ജീവിതത്തിൽ കായിക വിനോദങ്ങൾക്കും കളികൾക്കും വളരെയധികം പ്രാധാന്യമുണ്ട്. അവ നൽകുന്ന ഗുണങ്ങൾ എന്തെല്ലാമാണെന്ന് നോക്കാം:

ശാരീരിക ആരോഗ്യം: കായിക വിനോദങ്ങളിൽ ഏർപ്പെടുന്നതിലൂടെ ശരീരത്തിന് നല്ല വ്യായാമം ലഭിക്കുകയും ഇത് ശരീരത്തെ ആരോഗ്യത്തോടെ നിലനിർത്താൻ സഹായിക്കുകയും ചെയ്യുന്നു. ഹൃദയം, ശ്വാസകോശം തുടങ്ങിയ അവയവങ്ങളുടെ പ്രവർത്തനം മെച്ചപ്പെടുത്താനും രോഗപ്രതിരോധശേഷി വർദ്ധിപ്പിക്കാനും ഇത് സഹായിക്കുന്നു.
മാനസികാരോഗ്യം: കളികൾ മാനസിക സമ്മർദ്ദം കുറയ്ക്കാൻ സഹായിക്കുന്നു. സന്തോഷം നൽകുന്ന ഹോർമോണുകൾ ഉത്പാദിപ്പിക്കപ്പെടുന്നതിനാൽ മാനസികാരോഗ്യം മെച്ചപ്പെടുത്താനും ഇത് സഹായിക്കുന്നു.
സാമൂഹിക ബന്ധങ്ങൾ: ടീം കളികളിൽ പങ്കെടുക്കുന്നതിലൂടെ മറ്റുള്ളവരുമായി സൗഹൃദം സ്ഥാപിക്കാനും ടീം വർക്ക് പഠിക്കാനും സാധിക്കുന്നു. ഇത് സാമൂഹിക ബന്ധങ്ങൾ മെച്ചപ്പെടുത്താൻ സഹായിക്കുന്നു.
പഠനത്തിൽ ശ്രദ്ധ: കായിക വിനോദങ്ങളിൽ ഏർപ്പെടുന്ന കുട്ടികൾക്ക് പഠനത്തിൽ കൂടുതൽ ശ്രദ്ധ കേന്ദ്രീകരിക്കാൻ സാധിക്കും.
സമയം കണ്ടെത്താനുള്ള കഴിവ്: പഠനവും കളികളും ഒരുമിച്ച് കൊണ്ടുപോകാൻ ശ്രമിക്കുന്നതിലൂടെ സമയം കണ്ടെത്താനും അത് വിനിയോഗിക്കാനുമുള്ള കഴിവ് വിദ്യാർത്ഥികൾക്ക് ലഭിക്കുന്നു.
അച്ചടക്കം: കായിക വിനോദങ്ങളിൽ ഏർപ്പെടുന്നതിലൂടെ നിയമങ്ങൾ പാലിക്കാനും അച്ചടക്കത്തോടെ പെരുമാറാനും വിദ്യാർത്ഥികൾ പഠിക്കുന്നു.
ആത്മവിശ്വാസം: വിജയങ്ങൾ നേടുന്നതിലൂടെയും ടീമിന്റെ ഭാഗമാകുന്നതിലൂടെയും കുട്ടികളിൽ ആത്മവിശ്വാസം വർദ്ധിക്കുന്നു.
നേതൃത്വപാടവം: ടീം ലീഡറായും മറ്റും പ്രവർത്തിക്കുന്നതിലൂടെ നേതൃത്വപാടവം വളർത്താൻ സാധിക്കുന്നു.
മാനസിക ഉല്ലാസം: കളികൾ വിനോദത്തിനുള്ള നല്ലൊരു മാർഗ്ഗമാണ്. ഇത് കുട്ടികളുടെ മാനസികാരോഗ്യം മെച്ചപ്പെടുത്തുന്നു.
ഓരോ കായിക വിനോദത്തിനും അതിൻ്റേതായ പ്രത്യേക ഗുണങ്ങളുണ്ട്. അതുകൊണ്ട് വിദ്യാർത്ഥികൾ അവരുടെ താല്പര്യങ്ങൾക്കനുസരിച്ച് കളികൾ തിരഞ്ഞെടുക്കുകയും അതിൽ സജീവമായി പങ്കെടുക്കുകയും ചെയ്യേണ്ടത് അത്യാവശ്യമാണ്."
"ശുചത്വ ശീലങ്ങൾ എത്രത്തോളം പ്രധാനമാണെന്ന് ഈ കൊറോണക്കാലം നമ്മെ പഠിപ്പിച്ചു. ഒരാളുടെ ആരോഗ്യത്തിനും സൗന്ദര്യത്തിനും ഒരുപോലെ പ്രധാനമാണ് വ്യക്തി ശുചിത്വം. ഉള്ളിൽ നിന്നും പുറത്തു നിന്നും മനോഹരമായി കാണുന്നതിനും അനുഭവപ്പെടുന്നതിനുമുള്ള ഏറ്റവും പ്രധാനപ്പെട്ട വശങ്ങളിലൊന്ന്. വ്യക്തി ശുചിത്വം ഇല്ലെങ്കിൽ, എത്ര ആകർഷകമായ സവിശേഷതകളും രൂപവും ഉണ്ടെങ്കിൽ പോലും നിങ്ങളെ ആളുകൾ അകറ്റി നിർത്തും. പെർഫ്യൂം, ഡിയോഡറന്റുകൾ, മേക്കപ്പ് എന്നിവയ്‌ക്കൊന്നും അപര്യാപ്തമായ ശുചിത്വത്തിന്റെ അടയാളങ്ങൾ മറയ്ക്കാൻ കഴിയില്ല. വൃത്തിയും പുതുമയും സുഗന്ധവും നിലനിർത്തുന്നത് നിങ്ങളോട് മാത്രമല്ല, നിങ്ങൾ സമ്പർക്കം പുലർത്തുന്ന മറ്റുള്ളവരോടും ചെയ്യേണ്ട കടമയാണ്. ശുചിത്വമില്ലെങ്കിൽ

അനുചിതമായ ദൈനംദിന ശുചിത്വം പല വിധത്തിൽ ആരോഗ്യത്തെ തകർക്കും. അഴുക്ക്, രാസ മലിനീകരണം, ബാക്ടീരിയ എന്നിങ്ങനെ പല ബാഹ്യ ഘടകങ്ങളും ചർമ്മത്തെ സ്വാധീനിക്കുന്നു. ദിവസേന കഴുകി, കുളിച്ച്, വൃത്തിയാക്കുന്നതിലൂടെ, ഇവ നീക്കം ചെയ്യാനും അണുബാധകളിൽ നിന്നും വിഷ മാലിന്യങ്ങൾ അടിഞ്ഞുകൂടാതെയും നമ്മുടെ ശരീരത്തെ ആരോഗ്യത്തോടെ നിലനിർത്താൻ നമുക്ക് കഴിയും. അഴുക്കും മലിനീകരണവും ചർമ്മത്തിലെ സുഷിരങ്ങൾ അടയ്ക്കുകയും മാലിന്യങ്ങളുടെ വിസർജ്ജനത്തെ തടസ്സപ്പെടുത്തുകയും ചെയ്യും. നിങ്ങൾക്കറിയാവുന്നതുപോലെ, ചർമ്മം വിയർപ്പിലൂടെ മാലിന്യങ്ങൾ പുറന്തള്ളുന്നു. വിയർപ്പും അഴിക്കും ചർമ്മത്തിൽ അടിക്കുകൂടി ഇരിക്കുന്നതിനാൽ, അവ ദിവസവും നീക്കം ചെയ്യുകയും വേണം. വാസ്തവത്തിൽ, വിയർപ്പിലെ ബാക്ടീരിയയുടെ വിഘടനമാണ് അസുഖകരമായ ശരീര ദുർഗന്ധത്തിന് കാരണമാകുന്നത്.ദിവസവും കുളിക്കുന്നത് നിർബന്ധമാണ്

ദിവസേനയുള്ള കുളി നിർബന്ധമാണ്. ശരീരത്തിന്റെ എല്ലാ ഭാഗങ്ങളും നന്നായി കഴുകണം, പ്രത്യേകിച്ച് കഴുത്ത്, കക്ഷങ്ങൾ, പാദങ്ങൾ എന്നിവിടങ്ങൾ. കൂടുതൽ രോഗാണുക്കൾ അടിഞ്ഞുകൂടുന്ന പ്രദേശങ്ങളാണിവ. വീര്യം കുറഞ്ഞ സോപ്പിന് പുറമേ, നിങ്ങൾക്ക് വൃത്തിയുള്ള പരുക്കൻ ടെക്സ്ചർഡ് വാഷ്‌ക്ലോത്ത് അല്ലെങ്കിൽ ലൂഫ, സ്പോഞ്ച്, പിന്നിലേക്ക് നീളമുള്ള പിടിയുളള ബ്രഷ്, ഒരു പ്യൂമിസ് സ്റ്റോൺ, ഒരു നെയിൽ ബ്രഷ്, സുഗന്ധ എണ്ണ, ടാൽക്കം പൗഡർ എന്നിവ ആവശ്യമാണ്. നിങ്ങൾക്ക് വരണ്ട ചർമ്മമുണ്ടെങ്കിൽ, ഒരു പ്രീ ബാത്ത് ക്രീം അല്ലെങ്കിൽ എണ്ണ പ്രയോഗിക്കുന്നത് സഹായിക്കും. ഒരു വാഷ്‌ക്ലോത്ത് ശരീരം സ്‌ക്രബ് ചെയ്യാൻ സഹായിക്കുന്നു, പക്ഷേ ഇത് ദിവസവും കഴുകുകയും വെയിലത്ത് വച്ച് ഉണക്കി വൃത്തിയാക്കുകയും വേണം. കൈമുട്ടിലും കാൽ പാദങ്ങളിലും പ്യൂമിസ് സ്റ്റോൺ ഉപയോഗിക്കാം. സുഗന്ധമുള്ള എണ്ണ കുളിക്കുന്ന വെള്ളത്തിൽ ചേർക്കാം.","വ്യക്തിഗത ശുചിത്വം

വ്യക്തിഗത ശുചിത്വം എന്നത് ഓരോ മനുഷ്യനും പാലിക്കേണ്ട ഒരു അടിസ്ഥാന ധർമ്മമാണ്. ശരീരവും വസ്ത്രങ്ങളും ചുറ്റുപാടും ശുചിയാക്കിയിരിക്കുകയെന്നതിലപ്പുറം, വ്യക്തിത്വത്തിന്റെ പരിപോഷണത്തിനും ആരോഗ്യത്തിനും വഴിയൊരുക്കുന്ന പ്രധാന ഘടകമാണ് വ്യക്തിഗത ശുചിത്വം.

ആരോഗ്യകരമായ ജീവിതത്തിന്റെ തുടക്കം തന്നെ ശുചിത്വത്തിൽ നിന്നാണ്. ഓരോ ദിവസവും കുളിക്കുക, പല്ലു തെറ്റാതെ വെള്ളത്തിൽ കഴുകുക, വസ്ത്രങ്ങൾ വൃത്തിയാക്കുക, നഖങ്ങൾ ഇടയ്ക്കിടെ മുറിക്കുക, മുടി കഴുകുക തുടങ്ങിയവ അടിസ്ഥാന ശുചിത്വപ്രവർത്തനങ്ങളാണ്. ഇവ പാലിക്കാതെയിരിക്കുമ്പോൾ രോഗങ്ങളേക്കാൾ വേഗത്തിൽ മനുഷ്യൻ അവ്യവസ്ഥയിലായിത്തീരുന്നു.

വിദ്യാർത്ഥികൾക്ക് മാത്രമല്ല, ഏതു വയസ്സുകാരായാലും വ്യക്തിഗത ശുചിത്വം അത്യാവശ്യമാണ്. പ്രത്യേകിച്ച് സ്കൂളിലേക്കോ ഓഫീസിലേക്കോ പോകുന്ന ആളുകൾ ശുചിത്വം പാലിക്കുമ്പോഴാണ് സമീപമുള്ളവർക്കും ഒരു ഗുണകരമായ അന്തരീക്ഷം ഉണ്ടാകുന്നത്. കുട്ടികൾക്ക് ഈ ശീലം ബാല്യത്തിലേറെ വളർത്തേണ്ടത് രക്ഷിതാക്കളുടെയും അധ്യാപകരുടെയും ഉത്തരവാദിത്തമാണ്.

ശുചിത്വം പാലിക്കുന്നത് രോഗങ്ങളെ പ്രതിരോധിക്കാനും സഹായിക്കുന്നു. വ്യാധികൾക്ക് വഴിവെക്കുന്ന രോഗാണുക്കൾ പ്രധാനം ചെയ്യുന്നതും ശുചിത്വമില്ലായ്മയിലൂടെയാണ്. ഈ സാഹചര്യത്തിൽ കൈ കഴുകൽ പോലുള്ള ചെറിയ ശീലങ്ങൾ പോലും വലിയ രോഗങ്ങൾ ഒഴിവാക്കാൻ സഹായിക്കും.

സംഹാരമായി, വ്യക്തിഗത ശുചിത്വം എന്നത് വ്യക്തിയുടെ ആകെയുള്ള ആരോഗ്യത്തിനും ജീവിതശൈലിയ്ക്കും അടിസ്ഥാനമാണ്. ഇത് ഒരാളുടെ ചാരിത്രിക ഉന്നതതയും സംസ്‌കാരബോധവും പ്രതിഫലിപ്പിക്കുന്നു. അതിനാൽ തന്നെ, ഓരോരുത്തരും ദിനേന ശുചിത്വം ശ്രദ്ധपूर्वം പാലിക്കേണ്ടത് സമൂഹത്തോടുള്ള ഉത്തരവാദിത്വമായി കണക്കാക്കേണ്ടതാണ്.","വ്യക്തിഗത ശുചിത്വം എന്നത് ഓരോ വ്യക്തിയുടെയും ആരോഗ്യത്തിനും സന്തോഷകരമായ ജീവിതത്തിനും അത്യാവശ്യമായ ഒരു കാര്യമാണ്. ശരീരത്തിൻ്റെയും മനസ്സിൻ്റെയും ശുചിത്വത്തിലൂടെ ആരോഗ്യം നിലനിർത്താനും രോഗങ്ങളെ പ്രതിരോധിക്കാനും സാധിക്കുന്നു.

ശരീര ശുചിത്വം:

    ദിവസവും കുളിക്കുക: ശരീരം വൃത്തിയായി സൂക്ഷിക്കുന്നതിലൂടെ രോഗാണുക്കളെ അകറ്റി നിർത്താൻ സാധിക്കുന്നു.
    കൈകളുടെ ശുചിത്വം: ഭക്ഷണം കഴിക്കുന്നതിന് മുൻപും ശേഷവും കൈകൾ സോപ്പിട്ട് കഴുകേണ്ടത് അത്യാവശ്യമാണ്.
    വായിലെ ശുചിത്വം: ദിവസത്തിൽ രണ്ടു തവണ പല്ല് തേക്കുകയും വായ കഴുകുകയും ചെയ്യുക.
    നഖങ്ങളുടെ ശുചിത്വം: നഖങ്ങൾ ഇടയ്ക്കിടെ വെട്ടി വൃത്തിയാക്കുക.
    വസ്ത്രങ്ങളുടെ ശുചിത്വം: ദിവസവും വൃത്തിയുള്ള വസ്ത്രങ്ങൾ ധരിക്കുക.

മാനസിക ശുചിത്വം:

    സന്തോഷകരമായ ചിന്തകൾ: നല്ല ചിന്തകളിലൂടെ മാനസികാരോഗ്യം നിലനിർത്താം.
    സമ്മർദ്ദം ഒഴിവാക്കുക: യോഗ, ധ്യാനം തുടങ്ങിയ കാര്യങ്ങളിലൂടെ മാനസിക സമ്മർദ്ദം കുറയ്ക്കാം.
    നല്ല സൗഹൃദങ്ങൾ: നല്ല സൗഹൃദങ്ങൾ മാനസികാരോഗ്യം മെച്ചപ്പെടുത്തുന്നു.
    വിനോദങ്ങളിൽ ഏർപ്പെടുക: ഇഷ്ടമുള്ള കാര്യങ്ങൾ ചെയ്യുന്നത് മാനസിക സന്തോഷം നൽകുന്നു.

വ്യക്തിഗത ശുചിത്വത്തിൻ്റെ പ്രാധാന്യം:

    ആരോഗ്യം മെച്ചപ്പെടുത്തുന്നു: രോഗങ്ങളിൽ നിന്ന് സംരക്ഷണം നൽകുന്നു.
    ആത്മവിശ്വാസം വർദ്ധിപ്പിക്കുന്നു: വൃത്തിയുള്ള ശരീരം ആത്മവിശ്വാസം നൽകുന്നു.
    സാമൂഹിക ബന്ധങ്ങൾ മെച്ചപ്പെടുത്തുന്നു: നല്ല വ്യക്തിഗത ശുചിത്വം മറ്റുള്ളവരുമായി നല്ല ബന്ധം സ്ഥാപിക്കാൻ സഹായിക്കുന്നു.
    രോഗങ്ങൾ പകരാതിരിക്കാൻ സഹായിക്കുന്നു: വ്യക്തിശുചിത്വത്തിലൂടെ പകർച്ചവ്യാധികൾ ഒരു പരിധി വരെ തടയാനാകും.

വ്യക്തിഗത ശുചിത്വം പാലിക്കുന്നതിലൂടെ ആരോഗ്യമുള്ള ഒരു സമൂഹത്തെ വാർത്തെടുക്കാൻ സാധിക്കും.","വ്യക്തിഗത ശുചിത്വം ഒരു വ്യക്തിയുടെ ആരോഗ്യവും ജീവിതനിലവാരവും നിലനിർത്തുന്നതിന് അത്യന്താപേക്ഷിതമാണ്. ഇവിടെ ഈ വിഷയത്തെക്കുറിച്ച് ഒരു ഉപന്യാസം എഴുതാം:
വ്യക്തിഗത ശുചിത്വത്തിന്റെ പ്രാധാന്യം

വ്യക്തിഗത ശുചിത്വം ഒരു വ്യക്തിയുടെ ആരോഗ്യവും ജീവിതനിലവാരവും നിലനിർത്തുന്നതിന് അത്യന്താപേക്ഷിതമാണ്. ഇത് ശാരീരികവും മാനസികവുമായ ആരോഗ്യം നിലനിർത്തുന്നതിനും രോഗങ്ങളുടെ വ്യാപനം തടയുന്നതിനും സഹായിക്കുന്നു. വ്യക്തിഗത ശുചിത്വം സൂക്ഷിക്കുന്നത് സ്വയം ശുദ്ധമായി നിർത്തുക, ശരീരം വൃത്തിയാക്കുക, ആരോഗ്യകരമായ ജീവിതശൈലി പിന്തുടരുക എന്നിവയിലൂടെയാണ്.
ശുചിത്വത്തിന്റെ ഘടകങ്ങൾ

    ശരീരശുചിത്വം: ദിനംപ്രതി കൈകൾ കഴുകുക, സ്നാനം ചെയ്യുക, പല്ലുകൾ തേക്കുക എന്നിവ ശരീരത്തിലെ ബാക്ടീരിയകളെ നശിപ്പിക്കുന്നതിന് സഹായിക്കുന്നു.

    ഭക്ഷണശുചിത്വം: ആരോഗ്യകരവും വൃത്തിയായതുമായ ഭക്ഷണം കഴിക്കുന്നത് രോഗങ്ങളെ തടയുന്നതിന് സഹായിക്കുന്നു. ഭക്ഷണം തയ്യാറാക്കുന്നതിനും കഴിക്കുന്നതിനുമുള്ള ശുചിത്വം പാലിക്കുക.

    പരിസരശുചിത്വം: വീട്ടിലും ജോലിസ്ഥലത്തും വൃത്തിയാക്കുന്നത് രോഗാണുക്കളുടെ വ്യാപനം തടയുന്നു. വൃത്തിയാക്കിയ വെള്ളം ഉപയോഗിക്കുകയും മലിനജലം ശരിയായി നിർമാർജ്ജനം ചെയ്യുകയും ചെയ്യുക.

ശുചിത്വത്തിന്റെ ആരോഗ്യ പ്രയോജനങ്ങൾ

ശുചിത്വം പാലിക്കുന്നത് രോഗങ്ങളുടെ വ്യാപനം തടയുന്നതിനും ആരോഗ്യം മെച്ചപ്പെടുത്തുന്നതിനും സഹായിക്കുന്നു. ഇത് സമൂഹത്തിന്റെ ആരോഗ്യം മെച്ചപ്പെടുത്തുന്നതിനും സഹായിക്കുന്നു.
അവസാനം

വ്യക്തിഗത ശുചിത്വം ഒരു വ്യക്തിയുടെ ആരോഗ്യവും ജീവിതനിലവാരവും നിലനിർത്തുന്നതിന് അത്യന്താപേക്ഷിതമാണ്. ശുചിത്വം പാലിക്കുന്നത് രോഗങ്ങളുടെ വ്യാപനം തടയുന്നതിനും ആരോഗ്യം മെച്ചപ്പെടുത്തുന്നതിനും സഹായിക്കുന്നു. അതിനാൽ, വ്യക്തിഗത ശുചിത്വം സൂക്ഷിക്കുന്നത് എല്ലാവരുടെയും ചുമതലയാണ്.

ഈ ഉപന്യാസം വ്യക്തിഗത ശുചിത്വത്തിന്റെ പ്രാധാന്യം വിശദീകരിക്കുന്നു. ശുചിത്വം പാലിക്കുന്നത് രോഗങ്ങളുടെ വ്യാപനം തടയുന്നതിനും ആരോഗ്യം മെച്ചപ്പെടുത്തുന്നതിനും സഹായിക്കുന്നു.","വ്യക്തിഗത ശുചിത്വം എന്നത് ഒരാളുടെ ആരോഗ്യം നിലനിർത്തുന്നതിനും രോഗങ്ങൾ വരാതെ സൂക്ഷിക്കുന്നതിനും വേണ്ടി വ്യക്തികൾ ചെയ്യുന്ന കാര്യങ്ങളാണ്. ഇത് നമ്മുടെ ദൈനംദിന ജീവിതത്തിന്റെ ഒരു പ്രധാന ഭാഗമാണ്. വ്യക്തിഗത ശുചിത്വത്തിൽ ശ്രദ്ധിക്കേണ്ട പ്രധാന കാര്യങ്ങൾ എന്തൊക്കെയാണെന്ന് നോക്കാം:

ശരീര ശുദ്ധി: ദിവസവും കുളിക്കുക. ചർമ്മത്തിലെ അഴുക്കും, വിയർപ്പും നീക്കം ചെയ്യാൻ ഇത് സഹായിക്കുന്നു.
കൈകളുടെ ശുചിത്വം: ഭക്ഷണം കഴിക്കുന്നതിന് മുൻപും ശേഷവും, ടോയ്‌ലറ്റിൽ പോയതിന് ശേഷവും സോപ്പ് ഉപയോഗിച്ച് കൈകൾ കഴുകുക.
വായുടെ ശുചിത്വം: ദിവസത്തിൽ രണ്ടു തവണ ബ്രഷ് ചെയ്യുക. ഇത് പല്ലുകൾ വൃത്തിയാക്കാനും, വായിലെ ദുർഗന്ധം അകറ്റാനും സഹായിക്കുന്നു.
മുടിയുടെ സംരക്ഷണം: മുടി പതിവായി കഴുകുക, വൃത്തിയായി സൂക്ഷിക്കുക.
നഖങ്ങളുടെ സംരക്ഷണം: നഖങ്ങൾ വെട്ടി വൃത്തിയാക്കുക.
വസ്ത്രങ്ങളുടെ ശുചിത്വം: വൃത്തിയുള്ള വസ്ത്രങ്ങൾ മാത്രം ധരിക്കുക. ദിവസവും വസ്ത്രം മാറ്റുക.
പാദരക്ഷകൾ: കാലുകൾക്ക് അനുയോജ്യമായതും വൃത്തിയുള്ളതുമായ പാദരക്ഷകൾ ഉപയോഗിക്കുക.
വ്യക്തിഗത ശുചിത്വം പാലിക്കുന്നതിലൂടെ രോഗങ്ങളെ ഒരു പരിധി വരെ തടയാൻ സാധിക്കും. അതുപോലെ, ഇത് സാമൂഹിക ജീവിതത്തിലും നല്ല മതിപ്പുളവാക്കാൻ സഹായിക്കുന്നു."
"വാക്കുകൾ കൊണ്ട് വിവരിക്കാൻ കഴിയാത്ത ബന്ധങ്ങളിലൊന്നാണ് സൗഹൃദം. ജീവിതത്തിൽ അത്രമേൽ പ്രാധാന്യമുള്ള വൈകാരികതയുള്ള നമ്മളെ നമ്മളാക്കി മാറ്റുന്ന ബന്ധങ്ങളാണ് ആഴമുള്ള ഓരോ സൗഹൃദവും. ജീവിതത്തിലെ നല്ല സമയത്തും ഏറ്റവും മോശം സമയത്തും ഒരുപോലെ നമുക്കൊപ്പം നിൽക്കാൻ അടുത്ത സുഹൃത്തുക്കൾ മാത്രമേ കാണൂ. പലപ്പോഴും ഉള്ളുതുറന്ന് സംസാരിക്കാൻ കഴിയുന്നതും സുഹൃത്തുക്കളോട് മാത്രമായിരിക്കും. നമ്മുടെ ജീവിതത്തെ താങ്ങി നിർത്തുന്ന തൂണുകളിലൊന്നാണ് നല്ല സൗഹൃദ് ബന്ധങ്ങൾ എന്നുപറഞ്ഞാലും തെറ്റില്ല.

നല്ല സഹൃദങ്ങൾക്ക് എന്തുകൊണ്ടാണ് നിങ്ങളുടെ ജീവിതത്തിൽ ഇത്രയേറെ പ്രാധാന്യം എന്ന് ചിന്തിച്ചിട്ടുണ്ടോ?പിന്തുണ

ജീവിതത്തിൽ മോശം കാലഘട്ടങ്ങൾ എല്ലാവർക്കും ഉണ്ടാകും. ആ സമയത്ത് ആശ്വസിപ്പിക്കാനും കൂടെ നിൽക്കാനും ഒരാളുണ്ടായിരുന്നെങ്കിൽ എന്ന് എല്ലാവരും ആഗ്രഹിക്കും. അങ്ങനെയൊരു സ്നേഹബന്ധം ലഭിക്കുന്നത് പലപ്പോഴും സുഹൃത്തുക്കളിൽ നിന്നായിരിക്കും. നിങ്ങൾ പറയുന്ന യാഥാർഥ്യബോധമില്ലാത്ത കാര്യങ്ങൾ പോലും കേൾക്കാനും നിങ്ങൾക്ക് കൈത്താങ്ങാവാനും ആ ഘട്ടത്തിൽ ആത്മാർത്ഥ സുഹൃത്തുക്കൾ തയ്യാറാവും. ജീവിതത്തിലെ പ്രതിസന്ധികൾ പരിഹരിക്കാനും നിങ്ങൾക്ക് പോസിറ്റീവ് എനർജി നൽകാനും സുഹൃത്തുക്കളുടെ സാമീപ്യത്തിലൂടെ സാധിക്കും.

സന്തോഷം

സുഹൃത്തുക്കൾ ഇല്ലാത്ത ജീവിതം എത്രമേൽ വിരസമായിരിക്കും എന്ന് ചിന്തിച്ചിട്ടുണ്ടോ? പുറത്ത് ചുറ്റിയടിക്കാനും ഒന്നിച്ച് കളിക്കാനും ബോറടി മാറ്റാനും ഒരാളെങ്കിലും കൂടെയില്ലാതായാൽ എങ്ങനെയുണ്ടാകും? സുഹൃത്തുക്കൾ ബോറടി മാറ്റാനും ജീവിതത്തിൽ ആഹ്ലാദം നിറയ്ക്കാനും സഹായിക്കും. നിങ്ങളെ ഊർജ്ജസ്വലരാക്കാനും ചിരിപ്പിക്കാനും മനോവിഷമങ്ങളിൽ നിന്നും മോചനം നൽകാനും സുഹൃത്തുക്കൾക്ക് കഴിയും. അവർ നിങ്ങളുടെ ജീവിതത്തിന് അർത്ഥമുണ്ടാക്കിത്തരും.

നിങ്ങൾക്കും ഒരു ബെസ്റ്റ് ഫ്രണ്ട് ഉണ്ടായിരിക്കുന്നത് നല്ലതല്ലേ?

പ്രസരിപ്പ്

വിനോദയാത്രയ്ക്ക് പോകാനും ഓഫ് റോഡ് റൈഡിന് പോകാനുമൊക്കെ കൂട്ടുകാർ തന്നെ വേണമെന്ന് എല്ലാവർക്കും തോന്നും. സുഹൃത്തുക്കൾ ഇല്ലെങ്കിൽ ടിവി കണ്ടോ വീഡിയോ ഗെയിമുകൾ കളിച്ചോ നമ്മൾ നേരം കളയും. ആരോഗ്യകരമായ ഒരു ജീവിതശൈലിയും പ്രവൃത്തികളിൽ പ്രസരിപ്പും സൗഹൃദങ്ങൾ ജീവിതത്തിന് നൽകുന്ന സംഭാവനകളാണ്.

രഹസ്യങ്ങൾ പങ്കുവെയ്ക്കാൻ

അധികമാരോടും തുറന്ന് പറയാൻ സാധിക്കാത്ത ചില രഹസ്യങ്ങൾ എല്ലാവർക്കും കാണും. പ്രണയം, കുടംബ പ്രശ്നങ്ങൾ, ബാധ്യതകൾ അങ്ങനെ പലതും കാണും അക്കൂട്ടത്തിൽ. അടുത്ത സുഹൃത്തുക്കളോട് ഇത്തരം രഹസ്യങ്ങൾ തുറന്ന് സംസാരിക്കാൻ നമുക്ക് സാധിക്കും.

ആത്മവിശ്വാസം

ചില സമയങ്ങളിൽ നമുക്ക് തന്നെ നമ്മുടെ തീരുമാനങ്ങളിലും കഴിവിലും സംശയം തോന്നും. പക്ഷെ സുഹൃത്തുക്കൾക്ക് നമ്മുടെ കഴിവിൽ പൂർണ്ണ വിശ്വാസം ആയിരിക്കും. ലക്ഷ്യം എത്ര കഠിനമായാലും അവർ നമ്മളെ പ്രോത്സാഹിപ്പിക്കുകയും ലക്ഷ്യം നേടും വരെ കൂടെ നിൽക്കുകയും ചെയ്യും. ഇത് നമ്മുടെ ആത്മവിശ്വാസം വർദ്ധിപ്പിക്കും

കംഫർട്ട് സോൺ

നമുക്ക് നാമായി ഇരിക്കാൻ സാധിക്കുന്ന ഇടങ്ങളാണ് സുഹൃത്തുക്കൾ മാത്രം ഉള്ള ഇടങ്ങൾ. മേക്കപ്പ് ഇല്ലാതെയും പൈജാമ മാത്രം ധരിച്ചുമൊക്കെ വളരെ കംഫർട്ടബിൾ ആയി സുഹൃത്തുക്കളോടൊപ്പം ഇരിക്കാൻ നമുക്ക് സാധിക്കും. അതായത് നിങ്ങൾ എങ്ങനെയോ അങ്ങനെ തന്നെ നിങ്ങളെ സ്നേഹിക്കുന്നവരാണ് യഥാർത്ഥ സുഹൃത്തുക്കൾ. വേഷങ്ങളോ സാഹചര്യങ്ങളോ ആവില്ല അവർ നിങ്ങളെ അളക്കുന്നതിന്റെ അളവുകോൽ. നമ്മുടെ ദൗർബല്യങ്ങളും കുറവുകളും ഭൂതകാലവും എല്ലാം അറിഞ്ഞ് നമ്മളെ സ്നേഹിക്കുന്നവർ ആയതിനാൽ സുഹൃത്തുക്കളുടെ അടുത്ത് പൊയ്മുഖം അണിയേണ്ട ആവശ്യം നമുക്ക് വരുന്നില്ല. നമ്മുടെ കംഫർട്ട് സോണുകൾ ആണ് സുഹൃത്തുക്കൾ മാത്രമുള്ള ഇടങ്ങൾ.

യാഥാർഥ്യബോധം

നമുക്ക് മുൻകൂട്ടി കാണാൻ സാധിക്കാത്ത പല കാര്യങ്ങളും മുൻകൂട്ടി കാണാൻ സുഹൃത്തുക്കൾക്ക് കഴിയും. നമ്മുടെ കാമുകിയോ കാമുകനോ നമ്മളെ വഞ്ചിക്കുന്നുണ്ടെങ്കിൽ അതിനെക്കുറിച്ച് ആദ്യം മുന്നറിയിപ്പ് നൽകുന്നത് പലപ്പോഴും സുഹൃത്തുക്കൾ ആയിരിക്കും. ഉൾക്കൊള്ളാൻ ബുദ്ധിമുട്ടുള്ള യാഥാർഥ്യങ്ങൾ നമ്മളെ കഴിയുന്നത്ര വിഷമിപ്പിക്കാതെ പറയാനും സുഹൃത്തുക്കൾക്ക് സാധിക്കും. നമ്മൾ സ്വപ്നലോകത്ത്‌ അലഞ്ഞുതിരിയുമ്പോൾ നമ്മളെ യാഥാർഥ്യങ്ങളിലേക്ക് കൂട്ടിക്കൊണ്ടുവരാൻ ആത്മാർത്ഥ സുഹൃത്തുക്കൾക്ക് തയ്യാറാകും

ഉപാധികളില്ലാത്ത സ്നേഹം

നമ്മുടെ ബന്ധുക്കൾ പലപ്പോഴും നമ്മളെ സ്നേഹിക്കുന്നതിന് കാരണം രക്തബന്ധമാണ്. എന്നാൽ അത്തരം ബന്ധങ്ങൾ ഒന്നുമില്ലാതെ തന്നെ സുഹൃത്തുക്കൾ നമ്മളെ സ്നേഹിക്കും. തിരിച്ച് ഒന്നും പ്രതീക്ഷിക്കാതെ നമ്മളെ സ്നേഹിക്കുന്നവർ ആണ് സുഹൃത്തുക്കൾ.

അത്രത്തോളം സ്നേഹിച്ചയാൾ നിങ്ങളെ വഞ്ചിക്കുമ്പോൾ...

ഒരുപാട് തമാശകൾ

തമാശകൾ പറയാനും നമ്മളെ പൊട്ടിച്ചിരിപ്പിക്കാനും കഴിയുന്നവരാണ് സുഹൃത്തുക്കൾ. നമ്മൾ ആകെ വിഷമിച്ചിരിക്കുന്ന ഘട്ടത്തിൽ പോലും തമാശകൾ പറഞ്ഞ് നമ്മുടെ മാനസികാവസ്ഥ മാറ്റിയെടുക്കാൻ അവർക്ക് സാധിക്കും.","സുഹൃത്തുക്കളുമായുള്ള ബന്ധം

മനുഷ്യൻ ഒരു സാമൂഹ്യജീവിയാണ്. അവൻക്ക് സന്തോഷത്തോടെ ജീവിക്കാൻ മതിയായ സമ്പത്ത്, വിജയം എന്നിവയോടൊപ്പം സ്നേഹവും സഹവാസവുമാണ് അത്യന്താപേക്ഷിതം. ഇതിൽ ഏറ്റവും പ്രധാനപ്പെട്ടത് സുഹൃത്തുക്കളുമായുള്ള ബന്ധമാണ്. നല്ലൊരു സുഹൃത്ത് ജീവിതത്തിന്റെ ഭംഗിയാകും, ദു:ഖ സമയങ്ങളിൽ ആശ്വാസവുമാകും.

സുഹൃത്തുക്കൾ നമ്മെ മനസ്സിലാക്കുന്നവരും, കാര്യങ്ങൾ തുറന്നു പറയാൻ കഴിയുന്നവരുമാണ്. ആന്തരികമായി ആരോടും പങ്കുവെക്കാൻ കഴിയാത്തവ കൃത്യമായി പങ്കിടാൻ കഴിയുന്നവരാണ് നല്ല സുഹൃത്തുക്കൾ. നല്ല സുഹൃത്ത് ദു:ഖത്തിൽ ഒപ്പം നിന്നു ആശ്വസിപ്പിക്കും; സന്തോഷത്തിൽ പങ്കുചേർന്ന് ആനന്ദിക്കും.

വിദ്യാർത്ഥി ജീവിതത്തിൽ സുഹൃത്തുക്കൾക്ക് പ്രത്യേക സ്ഥാനമുണ്ട്. പഠനത്തിൽ സഹകരിക്കുക, പൊതു പ്രവർത്തനങ്ങളിൽ ചേർന്ന് പ്രവർത്തിക്കുക, വിനോദങ്ങളിൽ പങ്കുചേരുക തുടങ്ങി ഒരുപാട് കാര്യങ്ങളിൽ സുഹൃത്തുക്കൾ അനിവാര്യരാണ്. നല്ല കൂട്ടായ്മ നല്ല സ്വഭാവങ്ങൾ വളർത്തുകയും തെറ്റുകളിൽ നിന്ന് മാറ്റുകയും ചെയ്യുന്നു.

അതിനൊപ്പം, തെറ്റായ സുഹൃദ് തെരഞ്ഞെടുപ്പുകൾ മനുഷ്യന്റെ ജീവിതം മോടിയോടും മുന്നേറ്റത്തോടുമുള്ള യാത്ര തടസ്സപ്പെടുത്താനിടയാക്കും. അതുകൊണ്ട് തന്നെ നല്ല സുഹൃത്തുക്കളെ കണ്ടെത്താനും ആ ബന്ധം പരിപാലിക്കാനും ശ്രദ്ധ ആവശ്യമാണ്. വിശ്വാസം, മനസ്സിലാക്കൽ, സഹിഷ്ണുത, സഹകരണം തുടങ്ങിയവയാണ് സുഹൃദ് ബന്ധത്തിന്റെ അടിസ്ഥാനം.

അവസാനമായി, സുഹൃത്തുക്കളുമായുള്ള ബന്ധം നമ്മുടെ ജീവിതം സമൃദ്ധമാക്കുന്ന ഒരു ആശ്രയമാണെന്നത് തികച്ചും സത്യമാണ്. ജീവിതത്തിലെ ഓരോ ഘട്ടങ്ങളിലും നല്ലൊരു സുഹൃത്ത് നമ്മെ അകത്തുനിന്നും ശക്തിയുള്ളവനാക്കുന്നു. അതിനാൽ തന്നെ, നല്ല സുഹൃത്തുക്കളെ ആദരിക്കുകയും ആ ബന്ധം നെഞ്ചിലേറ്റുകയും ചെയ്യേണ്ടതുണ്ട്.","സുഹൃത്തുക്കൾ ജീവിതത്തിലെ ഒഴിച്ചുകൂടാനാവാത്ത ഒരു ഭാഗമാണ്. സന്തോഷത്തിലും ദുഃഖത്തിലുമെല്ലാം കൂടെ നിൽക്കുന്നവർ. നമ്മളെ മനസ്സിലാക്കുന്നവർ. സുഹൃത്തുക്കൾ ഇല്ലാത്ത ജീവിതം ഊഷരമായ മരുഭൂമി പോലെയാണ്.

സുഹൃത്തുക്കളുടെ പ്രാധാന്യം

    മാനസിക പിന്തുണ: ജീവിതത്തിലെ പ്രതിസന്ധി ഘട്ടങ്ങളിൽ സുഹൃത്തുക്കളുടെ സാമീപ്യം വലിയ ആശ്വാസമാണ്.
    സന്തോഷം പങ്കിടാൻ: സന്തോഷകരമായ നിമിഷങ്ങൾ സുഹൃത്തുക്കളുമായി പങ്കിടുമ്പോൾ അതിൻ്റെ മാധുര്യം വർധിക്കുന്നു.
    പുതിയ കാര്യങ്ങൾ പഠിക്കാൻ: വ്യത്യസ്തമായ കാഴ്ചപ്പാടുകളുള്ള സുഹൃത്തുക്കൾ പുതിയ അറിവുകൾ നൽകുന്നു.
    ആത്മവിശ്വാസം വർധിപ്പിക്കുന്നു: സുഹൃത്തുക്കളുടെ പ്രോത്സാഹനം ആത്മവിശ്വാസം വർധിപ്പിക്കാൻ സഹായിക്കുന്നു.
    ഏകാന്തത അകറ്റുന്നു: സുഹൃത്തുക്കൾ കൂടെയുണ്ടെങ്കിൽ ജീവിതത്തിൽ ഏകാന്തത അനുഭവപ്പെടില്ല.

നല്ല സൗഹൃദങ്ങൾ എങ്ങനെ വളർത്താം

    വിശ്വസ്തത: സുഹൃത്തുക്കളോട് വിശ്വസ്തത പുലർത്തുക.
    പരസ്പര ബഹുമാനം: സുഹൃത്തുക്കളുടെ അഭിപ്രായങ്ങളെയും വികാരങ്ങളെയും ബഹുമാനിക്കുക.
    സഹായ മനോഭാവം: സുഹൃത്തുക്കൾക്ക് ആവശ്യമുള്ളപ്പോൾ സഹായിക്കുക.
    സമയം കണ്ടെത്തുക: സുഹൃത്തുക്കളുമായി സമയം ചെലവഴിക്കുക.
    ക്ഷമിക്കുക: തെറ്റുകൾ ഉണ്ടായാൽ ക്ഷമിക്കാനും മറക്കാനും പഠിക്കുക.

ഓരോ വ്യക്തിയുടെയും ജീവിതത്തിൽ സൗഹൃദത്തിന് അതിൻ്റേതായ സ്ഥാനമുണ്ട്. നല്ല സുഹൃത്തുക്കൾ ജീവിതത്തിലെ ഏറ്റവും വലിയ സമ്പാദ്യമാണ്.","വ്യക്തിഗത ശുചിത്വം ഒരു വ്യക്തിയുടെ ആരോഗ്യവും ജീവിതനിലവാരവും നിലനിർത്തുന്നതിന് അത്യന്താപേക്ഷിതമാണ്. ഇവിടെ ഈ വിഷയത്തെക്കുറിച്ച് ഒരു ഉപന്യാസം എഴുതാം:
വ്യക്തിഗത ശുചിത്വത്തിന്റെ പ്രാധാന്യം

വ്യക്തിഗത ശുചിത്വം ഒരു വ്യക്തിയുടെ ആരോഗ്യവും ജീവിതനിലവാരവും നിലനിർത്തുന്നതിന് അത്യന്താപേക്ഷിതമാണ്. ഇത് ശാരീരികവും മാനസികവുമായ ആരോഗ്യം നിലനിർത്തുന്നതിനും രോഗങ്ങളുടെ വ്യാപനം തടയുന്നതിനും സഹായിക്കുന്നു. വ്യക്തിഗത ശുചിത്വം സൂക്ഷിക്കുന്നത് സ്വയം ശുദ്ധമായി നിർത്തുക, ശരീരം വൃത്തിയാക്കുക, ആരോഗ്യകരമായ ജീവിതശൈലി പിന്തുടരുക എന്നിവയിലൂടെയാണ്.
ശുചിത്വത്തിന്റെ ഘടകങ്ങൾ

    ശരീരശുചിത്വം: ദിനംപ്രതി കൈകൾ കഴുകുക, സ്നാനം ചെയ്യുക, പല്ലുകൾ തേക്കുക എന്നിവ ശരീരത്തിലെ ബാക്ടീരിയകളെ നശിപ്പിക്കുന്നതിന് സഹായിക്കുന്നു.

    ഭക്ഷണശുചിത്വം: ആരോഗ്യകരവും വൃത്തിയായതുമായ ഭക്ഷണം കഴിക്കുന്നത് രോഗങ്ങളെ തടയുന്നതിന് സഹായിക്കുന്നു. ഭക്ഷണം തയ്യാറാക്കുന്നതിനും കഴിക്കുന്നതിനുമുള്ള ശുചിത്വം പാലിക്കുക.

    പരിസരശുചിത്വം: വീട്ടിലും ജോലിസ്ഥലത്തും വൃത്തിയാക്കുന്നത് രോഗാണുക്കളുടെ വ്യാപനം തടയുന്നു. വൃത്തിയാക്കിയ വെള്ളം ഉപയോഗിക്കുകയും മലിനജലം ശരിയായി നിർമാർജ്ജനം ചെയ്യുകയും ചെയ്യുക.

ശുചിത്വത്തിന്റെ ആരോഗ്യ പ്രയോജനങ്ങൾ

ശുചിത്വം പാലിക്കുന്നത് രോഗങ്ങളുടെ വ്യാപനം തടയുന്നതിനും ആരോഗ്യം മെച്ചപ്പെടുത്തുന്നതിനും സഹായിക്കുന്നു. ഇത് സമൂഹത്തിന്റെ ആരോഗ്യം മെച്ചപ്പെടുത്തുന്നതിനും സഹായിക്കുന്നു.
അവസാനം

വ്യക്തിഗത ശുചിത്വം ഒരു വ്യക്തിയുടെ ആരോഗ്യവും ജീവിതനിലവാരവും നിലനിർത്തുന്നതിന് അത്യന്താപേക്ഷിതമാണ്. ശുചിത്വം പാലിക്കുന്നത് രോഗങ്ങളുടെ വ്യാപനം തടയുന്നതിനും ആരോഗ്യം മെച്ചപ്പെടുത്തുന്നതിനും സഹായിക്കുന്നു. അതിനാൽ, വ്യക്തിഗത ശുചിത്വം സൂക്ഷിക്കുന്നത് എല്ലാവരുടെയും ചുമതലയാണ്.

ഈ ഉപന്യാസം വ്യക്തിഗത ശുചിത്വത്തിന്റെ പ്രാധാന്യം വിശദീകരിക്കുന്നു. ശുചിത്വം പാലിക്കുന്നത് രോഗങ്ങളുടെ വ്യാപനം തടയുന്നതിനും ആരോഗ്യം മെച്ചപ്പെടുത്തുന്നതിനും സഹായിക്കുന്നു.","സുഹൃത്തുക്കളുമായുള്ള ബന്ധം എന്നത് നമ്മുടെ ജീവിതത്തിലെ ഒരു പ്രധാനപ്പെട്ട കാര്യമാണ്. സന്തോഷത്തിലും ദുഃഖത്തിലുമെല്ലാം നമ്മോടൊപ്പം ഉണ്ടാകുന്നവരാണ് സുഹൃത്തുക്കൾ. നല്ല സുഹൃത്തുക്കൾ ജീവിതത്തിൽ ഉണ്ടായാൽ അതൊരു വലിയ ഭാഗ്യമാണ്.

സുഹൃത്തുക്കളുമായുള്ള ബന്ധം എങ്ങനെ മെച്ചപ്പെടുത്താം, നിലനിർത്താം എന്നതിനെക്കുറിച്ച് ചില കാര്യങ്ങൾ താഴെ നൽകുന്നു:

നല്ല ശ്രോതാക്കളാകുക: സുഹൃത്തുക്കളുടെ പ്രശ്നങ്ങൾ കേൾക്കാനും അവരെ മനസ്സിലാക്കാനും ശ്രമിക്കുക.
സത്യസന്ധതയും വിശ്വസ്ഥതയും: സുഹൃത്തുക്കളോട് എപ്പോഴും സത്യസന്ധത പുലർത്തുക, അവരുടെ വിശ്വാസം കാത്തുസൂക്ഷിക്കുക.
സമയം കണ്ടെത്തുക: തിരക്കിനിടയിലും സുഹൃത്തുക്കൾക്കായി സമയം കണ്ടെത്തുക, അവരുമായി സംസാരിക്കുക, ഒത്തുചേരുക.
സഹായം ചെയ്യുക: സുഹൃത്തുക്കൾക്ക് എന്തെങ്കിലും സഹായം ആവശ്യമുണ്ടെങ്കിൽ അത് ചെയ്യാൻ ശ്രമിക്കുക.
ക്ഷമിക്കുക: തെറ്റുകൾ സംഭവിക്കാം, അത് ക്ഷമിച്ച്‌ മുന്നോട്ട് പോകാൻ ശ്രമിക്കുക.
അഭിനന്ദിക്കുക: സുഹൃത്തുക്കളുടെ നല്ല കാര്യങ്ങളെ പ്രോത്സാഹിപ്പിക്കുക, അവരെ അഭിനന്ദിക്കുക.
സ്നേഹം പ്രകടിപ്പിക്കുക: സുഹൃത്തുക്കളോടുള്ള സ്നേഹം വാക്കുകളിലൂടെയും പ്രവർത്തികളിലൂടെയും പ്രകടിപ്പിക്കുക.
കൂടുതലെന്തെങ്കിലും അറിയണമെന്നുണ്ടെങ്കിൽ ചോദിക്കാവുന്നതാണ്."
"സോഷ്യൽ മീഡിയയുടെ (Social Media) ഉപയോ​ഗം മൂലം കൗമാരക്കാരുടെ ജീവിതത്തിലെ സംതൃപ്തി (Life Satisfaction) കുറയുന്നതായി പുതിയ പഠനം. കൗമാരപ്രായത്തിൽ പെണ്‍കുട്ടികളിലും ആണ്‍കുട്ടികളിലും സോഷ്യൽ മീഡിയ ഉപയോഗത്തിന്റെ ദൂഷ്യഫലങ്ങള്‍ (Negative Effects) കൂടുതല്‍ സ്വാധീനം ചെലുത്തുന്നതായാണ് കേംബ്രിഡ്ജ് സര്‍വകലാശാലയുടെ (University of Cambridge) നേതൃത്വത്തില്‍ നടത്തിയ പുതിയ പഠനത്തിലെ കണ്ടത്തല്‍. നേച്ചര്‍ കമ്യൂണിക്കേഷന്‍സ് എന്ന പ്രസിദ്ധീകരണത്തിലാണ് പഠനം പ്രസിദ്ധീകരിച്ചിരിക്കുന്നത്.

സോഷ്യല്‍ മീഡിയ ഉപയോഗവും കൗമാരക്കാരിൽ വ്യത്യസ്ത പ്രായങ്ങളിൽ അനുഭവപ്പെടുന്ന ജീവിത സംതൃപ്തിയും തമ്മിൽ ബന്ധമുണ്ടെന്നാണ് പഠനത്തിൽ കണ്ടെത്തിയിരിക്കുന്നത്. സോഷ്യല്‍ മീഡിയ ഉപയോഗം കൗമാരപ്രായക്കാരുടെ ജീവിത സംതൃപ്തി കുറയാൻ കാരണമാകുന്നുണ്ട്. പെണ്‍കുട്ടികളെ സംബന്ധിച്ച് 11 വയസ്സിനും 13 വയസ്സിനും ഇടയിലും ആണ്‍കുട്ടികളെ സംബന്ധിച്ച് 14 വയസ്സിനും 15 വയസ്സിനും ഇടയിലുമാണ് ഇത്തരം ഒരു പ്രതികൂലഫലം കൂടുതലായി അനുഭവപ്പെടുക. സോഷ്യല്‍ മീഡിയയുടെ അമിതമായ ഉപയോഗം പിന്നീട് പത്തൊമ്പതാം വയസ്സിലും ജീവിത സംതൃപ്തിയില്‍ കുറവ് അനുഭവപ്പെടാന്‍ കാരണമായേക്കാമെന്ന് പഠനം വ്യക്തമാക്കുന്നു.

നമ്മൾ എങ്ങനെ സമയം ചെലവഴിക്കുന്നു, നമ്മളെ സംബന്ധിക്കുന്ന വിവരങ്ങൾ എങ്ങനെ പങ്കിടുന്നു, മറ്റുള്ളവരോട് എങ്ങനെ സംസാരിക്കുന്നു എന്ന് തുടങ്ങി അടിസ്ഥാനപരമായ പല കാര്യങ്ങളും വെറും ഒരു ദശാബ്ദത്തിനുള്ളിൽ സോഷ്യൽ മീഡിയ മാറ്റിമറിച്ചു. വ്യക്തികളിലും സമൂഹത്തിലും സോഷ്യൽ മീഡിയ പ്രതികൂലമായി ബാധിക്കാനുള്ള സാധ്യത സംബന്ധിച്ചുള്ള ആശങ്ക ഉയരാൻ ഇത് കാരണണായി.

സൈക്കോളജിസ്റ്റുകളും ന്യൂറോ സയന്റിസ്റ്റുകളും മോഡലർമാരും ഉൾപ്പെടുന്നതാണ് പുതിയ പഠനത്തിന് പിന്നിലുള്ള ​ഗവേഷണ സംഘം. ഇവർ യുകെയിൽ നിന്നുള്ള. 10 വയസ്സിനും 80 വയസ്സിനും ഇടയിൽ പ്രായമുള്ള 84,000 വ്യക്തികളിലാണ് പഠനം നടത്തിയത്. 10 വയസ്സു മുതൽ 21 വയസ്സ് വരെ പ്രായമുള്ള 17,400 യുവാക്കളുടെ വിവരങ്ങൾ ​ഗവേഷണ സംഘം വിശകലനം ചെയ്തു. ഒരു നിശ്ചിത കാലയളവിൽ ഇവരെ നിരീക്ഷിച്ച് സമാഹരിച്ച വിവരങ്ങളാണ് ഇതിൽ ഉൾപ്പെടുത്തിയിരുന്നത്. കേംബ്രിഡ്ജ് സർവകലാശാല, ഓക്‌സ്‌ഫോർഡ് യൂണിവേഴ്‌സിറ്റി, ഡോണ്ടേഴ്‌സ് ഇൻസ്റ്റിറ്റ്യൂട്ട് ഫോർ ബ്രെയിൻ, കോഗ്‌നിഷൻ ആൻഡ് ബിഹേവിയർ എന്നിവിടങ്ങളിൽ നിന്നുള്ള ഗവേഷകരാണ് പഠന സംഘത്തിൽ ഉണ്ടായിരുന്നത്.

ഓരോ പ്രായത്തിലെയും വ്യക്തികളുടെ സോഷ്യൽ മീഡിയ ഉപയോഗവും അവരുടെ ജീവിത സംതൃപ്തിയും തമ്മിലുള്ള ബന്ധം പഠന സംഘം അന്വേഷിച്ചു. കൗമാരപ്രായക്കാരെ സംബന്ധിച്ച് ചില പ്രധാന കാലഘട്ടങ്ങളിൽ സോഷ്യൽ മീഡിയ ഉപയോഗവും ജീവിത സംതൃപ്തിയും തമ്മിൽ ബന്ധമുണ്ടെന്ന് കണ്ടെത്തി. സോഷ്യൽ മീഡിയ ഉപയോ​ഗം മൂലം ഒരു വർഷത്തിന് ശേഷം കൗമാരപ്രായക്കാരുടെ ജീവിത സംതൃപ്തി കുറയുന്നതായാണ് കണ്ടെത്തിയത്. അതുപോലെ ശരാശരിയിലും കുറവ് ജീവിത സംതൃപ്തി അനുഭവപ്പെടുന്ന കൗമാരക്കാർ ഒരു വർഷത്തിനു ശേഷം കൂടുതൽ സോഷ്യൽ മീഡിയ ഉപയോഗിക്കുന്നതായും ഗവേഷകർ കണ്ടെത്തി.

പതിനൊന്ന് വയസ്സിനും പതിമൂന്ന് വയസ്സിനും ഇടയിൽ പ്രായമുള്ള പെൺകുട്ടികളിൽ, ഒരു വർഷത്തിനു ശേഷം ജീവിത സംതൃപ്തിയിൽ കുറവ് അനുഭവപ്പെടുന്നതിന് സോഷ്യൽ മീഡിയ ഉപയോഗം കാരണമാകുന്നുണ്ട്. അതേസമയം ആൺകുട്ടികളിൽ ഇത് 14 വയസ്സിനും 15 വയസ്സിനും ഇടയിൽ ആണ് സംഭവിച്ചത്. സോഷ്യൽ മീഡിയ ഉപയോഗത്തോടുള്ള പ്രതികരണം വളർച്ചാപരമായ മാറ്റങ്ങൾ, തലച്ചോറിന്റെ ഘടനയിലുള്ള വ്യത്യാസങ്ങൾ അല്ലെങ്കിൽ ആൺകുട്ടികളേക്കാൾ നേരത്തെ പെൺകുട്ടികൾ പ്രായപൂർത്തിയാകുന്നത് എന്നിങ്ങനെയുള്ള ഘടകങ്ങളുമായി ബന്ധപ്പെട്ടിരിക്കാമെന്നാണ് ഈ വ്യത്യാസങ്ങൾ സൂചിപ്പിക്കുന്നത്. ഇക്കാര്യത്തിൽ കൂടുതൽ ഗവേഷണം ആവശ്യമാണ്.

ആൺകുട്ടികളിലും പെൺകുട്ടികളിലും പത്തൊമ്പതാം വയസ്സിൽ സോഷ്യൽ മീഡിയ ഉപയോ​ഗം വീണ്ടും പ്രതികൂല ഫലം ഉളവാക്കുമെന്നാണ് കണ്ടെത്തൽ. ഈ പ്രായത്തിലെ അമിതമായ സോഷ്യൽ മീഡിയ ഉപയോഗം ഒരു വർഷത്തിനുശേഷം ജീവിത സംതൃപ്തി കുറയാൻ കാരണമായേക്കാം. ഈ പ്രായത്തിൽ ഉണ്ടാകുന്ന മാറ്റങ്ങൾ, അതായത് വീട് വിടുകയോ ജോലി ചെയ്യാൻ ആരംഭിക്കുകയോ ചെയ്യുന്നത് കൗമാര പ്രായക്കാരെ സ്വാധീനിക്കാൻ ഇടയുണ്ടെന്ന് ​ഗവേഷകർ പറയുന്നു.

ജീവിത സംതൃപ്തി കുറയുന്നത് ഒരു വർഷത്തിന് ശേഷം സോഷ്യൽ മീഡിയ ഉപയോ​ഗം വർധിക്കാൻ കാരണമാകുന്നുണ്ടെന്നാണ് ​ഗവേഷകരുടെ വിലയിരുത്തൽ. എന്നാൽ ഇത് പ്രായ, ലിം​ഗ ഭേദമെന്യേ എല്ലാവരിലും സമാനമായിരിക്കും. “സോഷ്യൽ മീഡിയ ഉപയോഗവും മാനസിക സംതൃപ്തിയും തമ്മിലുള്ള ബന്ധം വളരെ സങ്കീർണ്ണമാണ്. മസ്തിഷ്ക വികസനം, പ്രായപൂർത്തിയാകൽ എന്നിവയോടനുബന്ധിച്ച് നമ്മുടെ ശരീരത്തിനുള്ളിൽ ഉണ്ടാകുന്ന മാറ്റങ്ങൾ, സാമൂഹിക സാഹചര്യങ്ങൾ എന്നിവ നമ്മുടെ ജീവിതത്തിന്റെ പ്രത്യേക ഘട്ടങ്ങളിൽ നമ്മെ എളുപ്പത്തിൽ സ്വാധീനിക്കും"", പഠനത്തിന് നേതൃത്വം നൽകിയ കേംബ്രിഡ്ജ് സർവകലാശാലയിലെ എംആർസി കോഗ്നിഷൻ ആൻഡ് ബ്രെയിൻ സയൻസസ് യൂണിറ്റിലെ ഗ്രൂപ്പ് ലീഡർ ഡോ ആമി ഓർബെൻ പറഞ്ഞു. “ഈ അവസ്ഥയ്ക്ക് കാരണമാകുന്ന യഥാർത്ഥ പ്രക്രിയകൾ കൃത്യമായി കണ്ടെത്താനാവില്ല. കൗമാരം എന്നത് ബുദ്ധിപരമായും ജീവശാസ്ത്രപരമായും സാമൂഹികമായും മാറ്റങ്ങൾ ഉണ്ടാകുന്ന കാലമാണ്. അവയെല്ലാം പരസ്പരം ബന്ധപ്പെട്ടിരിക്കുന്നു. ഒരു ഘടകം മറ്റൊന്നിൽ നിന്ന് വേർപെടുത്തുന്നത് ബുദ്ധിമുട്ടാണ്. ഉദാഹരണത്തിന്, ഹോർമോണുകളിലോ മസ്തിഷ്കത്തിലോ ഉണ്ടാകുന്ന വളർച്ചാപരമായ മാറ്റങ്ങൾ കാരണം എന്ത് സംഭവിക്കുമെന്നോ ഒരു വ്യക്തി അവരുടെ സമപ്രായക്കാരുമായി ഇടപഴകുന്നത് എന്തിന്റെ അടിസ്ഥാനത്തിലായിരിക്കാമെന്നോ ഇതുവരെ വ്യക്തമായിട്ടില്ല“ കേംബ്രിഡ്ജിലെ സൈക്കോളജി ആൻഡ് കോഗ്നിറ്റീവ് ന്യൂറോസയൻസ് പ്രൊഫസറും പഠനത്തിന്റെ സഹ രചയിതാവുമായ പ്രൊഫസർ സാറാ-ജെയ്ൻ ബ്ലേക്ക്മോർ പറഞ്ഞു.

“ഈ ബന്ധം നിലവിലുണ്ടോ ഇല്ലയോ എന്ന് ചർച്ച ചെയ്യുന്നതിനുപകരം ഇപ്പോൾ നമുക്ക് നമ്മുടെ കൗമാരക്കാരുടെ വിവിധ ഘട്ടങ്ങളിൽ ശ്രദ്ധ കേന്ദ്രീകരിക്കാം. അപകടസാധ്യത ഏറ്റവും കൂടുതലുള്ള കാലയളവാണിത്, അതിനാൽ ഞങ്ങളുടെ കണ്ടെത്തലുകൾ ഉപയോ​ഗിച്ച് അവരുടെ ചില പ്രശ്നങ്ങൾക്ക് പരിഹാരം കണ്ടെത്താൻ ശ്രമിക്കാം"", ഡോ ഓർബെൻ കൂട്ടിച്ചേർത്തു. ഈ ബന്ധത്തെ കൂടുതൽ സങ്കീർണ്ണമാക്കുന്ന മറ്റൊരു വസ്തുത കൂടിയുണ്ട്, ഇത് മുമ്പ് റിപ്പോർട്ടു ചെയ്യപ്പെട്ടിട്ടുള്ളതാണ്. മാത്രമല്ല ഇപ്പോഴത്തെ കണ്ടെത്തലുകൾ ഇത് സ്ഥിരീകരിക്കുകയും ചെയ്യുന്നു. സോഷ്യൽ മീഡിയയുടെ ഉപയോഗം ഉപയോ​ക്താക്കളുടെ ക്ഷേമത്തെ പ്രതികൂലമായി ബാധിക്കുമ്പോൾ തന്നെ നേരെ മറിച്ചും സംഭവിച്ചേക്കാം എന്നതും ശരിയാണ്. ആളുകളുടെ ജീവിത സംതൃപ്തി കുറയുന്നത് സോഷ്യൽ മീഡിയയുടെ ഉപയോഗം വർധിക്കാൻ കാരണമാകുന്നുണ്ട്.

""സോഷ്യൽ മീഡിയ ഉപയോ​ഗം എല്ലാ കൗമാരക്കാരുടെയും ക്ഷേമത്തെ പ്രതികൂലമായി മാത്രം ബാധിക്കാൻ പോകുന്നില്ല എന്നാണ്. ചിലരിൽ ഇത് അനുകൂല ഫലമായിരിക്കും ഉളവാക്കുന്നത്. ചിലർ സുഹൃത്തുക്കളുമായി ബന്ധപ്പെടുന്നതിനോ ഒരു പ്രത്യേക പ്രശ്‌നത്തെ നേരിടുന്നതിനോ അല്ലെങ്കിൽ ഒരു പ്രത്യേക പ്രശ്‌നത്തെക്കുറിച്ചുള്ള അവരുടെ അഭിപ്രായങ്ങൾ പങ്കുവെയ്ക്കാനോ ആയിരിക്കും സോഷ്യൽ മീഡിയ ഉപയോഗിക്കുന്നത്. ഈ വ്യക്തികളെ സംബന്ധിച്ച് സോഷ്യൽ മീഡിയയിൽ നിന്നും ലഭിക്കുന്നത് മികച്ച പിന്തുണ ആയിരിക്കും"", ഡോണ്ടേഴ്‌സ് ഇൻസ്റ്റിറ്റ്യൂട്ട് ഫോർ ബ്രെയിൻ, കോഗ്നിഷൻ ആൻഡ് ബിഹേവിയറിലെ ഡെവലപ്‌മെന്റ് ന്യൂറോ സയൻസ് പ്രൊഫസർ റോജിയർ കീവിറ്റ് പറഞ്ഞു.","സോഷ്യൽ മീഡിയ കൗമാരക്കാരിൽ എത്രത്തോളം സ്വാധീനം ചെലുത്തുന്നു?

നവീകരണ കാലഘട്ടത്തിൽ സമൂഹത്തിന്റെ ഭാഗമായിത്തീരിയിരിക്കുന്നു സോഷ്യൽ മീഡിയ. ഫേസ്‌ബുക്ക്, ഇൻസ്റ്റാഗ്രാം, ട്വിറ്റർ, സ്‌നാപ്‌ചാറ്റ്, യൂട്യൂബ് തുടങ്ങിയവ ഇപ്പോഴത്തെ കൗമാരക്കാർക്കിടയിൽ വലിയ സ്വാധീനമുള്ളതാകുന്നു. ദൈനംദിന ജീവിതത്തിന്റെ ഭാഗമായിത്തീരുന്ന ഈ പ്ലാറ്റ്‌ഫോമുകൾ കൗമാര മനസ്സിൽ നല്ലതും മോശവും ചേർന്ന് പലതരം സ്വാധീനങ്ങൾ ചെലുത്തുന്നു.

സ pozയളനൊഴണ്ട പ്രതികരണങ്ങൾ, ലൈക്കുകളും കമന്റുകളും കൗമാര മനസ്സിനെ വലിയ രീതിയിൽ ആകർഷിക്കുന്നു. ഒരു പോസ്റ്റിന് ലഭിക്കുന്ന അംഗീകാരം ഇവർക്കുള്ള ആത്മവിശ്വാസത്തിന്റെയും സ്വഭാവ രൂപീകരണത്തിന്റെയും ഭാഗമാകുന്നു. അവരുടെ ധാരണകൾ, ജീവിതശൈലി, ആഗ്രഹങ്ങൾ എന്നിവയെ പോലും സോഷ്യൽ മീഡിയ മായ്ച്ചെഴുതുന്നു.

തൊണ്ണൂറി ശതമാനത്തോളം കൗമാരക്കാർ ദിവസവും ഏറ്റവും കുറവായി രണ്ടുമണിക്കൂറെങ്കിലും സോഷ്യൽ മീഡിയയിൽ ചെലവഴിക്കുന്നതായി വിവിധ പഠനങ്ങൾ വ്യക്തമാക്കുന്നു. ഇവരിൽ പലരും അതിന്റെ ഉപയോഗം ഒഴിവാക്കാനാകാതെ ആശയക്കുഴപ്പത്തിലാകുന്നു. ഉത്പാദകത്വം കുറയുന്നത്, പഠനത്തിൽ ശ്രദ്ധ കുറഞ്ഞുപോകുന്നത്, ഉറക്കക്കേട്, മനോവിഷമങ്ങൾ എന്നിവ അതിന്റെ ദൂഷ്യഫലങ്ങളാണ്.

അതേസമയം, ശരിയായ രീതിയിൽ ഉപയോഗിച്ചാൽ സോഷ്യൽ മീഡിയ അനുഗ്രഹമായി മാറുകയും ചെയ്യുന്നു. പുതിയ അറിവുകൾ ലഭിക്കുക, സമകാലീന വിഷയങ്ങളെക്കുറിച്ച് ബോധവത്കരാവുക, സ്വതന്ത്രമായ അഭിപ്രായം പ്രകടിപ്പിക്കാനാവുക തുടങ്ങി മികച്ച അവസരങ്ങൾ അവയെ വഴിയൊരുക്കുന്നു.

തീരിക്കലിൽ, സോഷ്യൽ മീഡിയ കൗമാരക്കാർക്ക് ശക്തമായ സ്വാധീനമാണ് ചെലുത്തുന്നത്. അതിന്റെ സുഖവും ദു:ഖവും അവരുടെ നിലപാടുകൾ അനുസരിച്ചാണ് നിശ്ചയിക്കപ്പെടുന്നത്. അതിനാൽ, കൗമാരക്കാർക്ക് ശരിയായ വഴികാട്ടൽ നൽകുകയും, അതിന്റെ ഉപയോഗത്തിൽ ബോധപൂർവമായ സമീപനം വളർത്തുകയും ചെയ്യുന്നത് അധ്യാപകരുടെയും രക്ഷിതാക്കളുടെയും പ്രധാനം ചുമതലയാണ്. സോഷ്യൽ മീഡിയയെ ജാഗ്രതയോടെയും ഉത്തരവാദിത്തത്തോടെയും സമീപിച്ചാൽ അതൊരു ശാപമല്ല, അനുഗ്രഹമായിത്തീരുമ്.","കൗമാരക്കാരുടെ ജീവിതത്തിൽ സോഷ്യൽ മീഡിയ ചെലുത്തുന്ന സ്വാധീനം വളരെ വലുതാണ്. വിവരസാങ്കേതികവിദ്യയുടെ വളർച്ചയോടെ സോഷ്യൽ മീഡിയ കൗമാരക്കാരുടെ ജീവിതത്തിൽ ഒഴിച്ചുകൂടാനാവാത്ത ഒരു ഘടകമായി മാറിയിരിക്കുന്നു.

സോഷ്യൽ മീഡിയയുടെ ഗുണങ്ങൾ

    വിവരശേഖരണം: വിവിധ വിഷയങ്ങളെക്കുറിച്ചുള്ള വിവരങ്ങൾ വേഗത്തിൽ ലഭ്യമാക്കുന്നു.
    ആശയവിനിമയം: സുഹൃത്തുക്കളുമായും കുടുംബാംഗങ്ങളുമായും എളുപ്പത്തിൽ ബന്ധം സ്ഥാപിക്കാൻ സഹായിക്കുന്നു.
    വിദ്യാഭ്യാസ സാധ്യതകൾ: ഓൺലൈൻ കോഴ്സുകൾ, പഠന ഗ്രൂപ്പുകൾ തുടങ്ങിയവയിലൂടെ വിദ്യാഭ്യാസം മെച്ചപ്പെടുത്താൻ സാധിക്കുന്നു.
    സർഗ്ഗാത്മകത പ്രകടിപ്പിക്കാൻ: സ്വന്തം കഴിവുകൾ പ്രകടിപ്പിക്കാനും പുതിയ കാര്യങ്ങൾ സൃഷ്ടിക്കാനും അവസരം നൽകുന്നു.
    സാമൂഹിക അവബോധം: സാമൂഹിക പ്രശ്നങ്ങളെക്കുറിച്ച് അവബോധം സൃഷ്ടിക്കാനും ചർച്ചകൾ സംഘടിപ്പിക്കാനും സഹായിക്കുന്നു.

സോഷ്യൽ മീഡിയയുടെ ദോഷങ്ങൾ

    മാനസികാരോഗ്യം: അമിതമായ ഉപയോഗം വിഷാദം, ഉത്കണ്ഠ, ഏകാന്തത തുടങ്ങിയ മാനസിക പ്രശ്നങ്ങൾക്ക് കാരണമാകുന്നു.
    ഉറക്കക്കുറവ്: രാത്രി വൈകിയും സോഷ്യൽ മീഡിയ ഉപയോഗിക്കുന്നത് ഉറക്കത്തെ പ്രതികൂലമായി ബാധിക്കുന്നു.
    പഠനത്തിൽ ശ്രദ്ധക്കുറവ്: സോഷ്യൽ മീഡിയയിലെ അമിതമായ ഇടപെടൽ പഠനത്തിൽ ശ്രദ്ധക്കുറവുണ്ടാക്കുന്നു.
    സൈബർ ഭീഷണി: ഓൺലൈൻ തട്ടിപ്പുകൾ, സൈബർ ആക്രമണങ്ങൾ തുടങ്ങിയവക്ക് സാധ്യതയുണ്ട്.
    തെറ്റായ വിവരങ്ങൾ: വ്യാജ വാർത്തകളും തെറ്റായ വിവരങ്ങളും വേഗത്തിൽ പ്രചരിക്കുന്നു.

കൗമാരക്കാർ ശ്രദ്ധിക്കേണ്ട കാര്യങ്ങൾ

    സോഷ്യൽ മീഡിയയുടെ ഉപയോഗം മിതമാക്കുക.
    വിശ്വസനീയമായ ഉറവിടങ്ങളിൽ നിന്ന് മാത്രം വിവരങ്ങൾ ശേഖരിക്കുക.
    സ്വകാര്യ വിവരങ്ങൾ പങ്കുവെക്കുന്നത് ഒഴിവാക്കുക.
    സൈബർ ഭീഷണികൾക്കെതിരെ ജാഗ്രത പാലിക്കുക.
    യഥാർത്ഥ ലോകത്തിലെ ബന്ധങ്ങൾക്ക് പ്രാധാന്യം നൽകുക.

സോഷ്യൽ മീഡിയയുടെ ഗുണങ്ങളും ദോഷങ്ങളും മനസ്സിലാക്കി വിവേകപൂർവ്വം ഉപയോഗിച്ചാൽ കൗമാരക്കാർക്ക് അത് പ്രയോജനകരമാകും.","സോഷ്യൽ മീഡിയ കൗമാരക്കാരിൽ വളരെ വലിയ സ്വാധീനം ചെലുത്തുന്നുണ്ട്. ഇത് അവരുടെ ജീവിതത്തിലെ വിവിധ മേഖലകളിൽ സ്വാധീനം ചെലുത്തുന്നു. ഇവിടെ ഈ വിഷയത്തെക്കുറിച്ച് ഒരു ലേഖനം എഴുതാം:
സോഷ്യൽ മീഡിയയുടെ കൗമാരക്കാരിൽ ചെലുത്തുന്ന സ്വാധീനം

സോഷ്യൽ മീഡിയ പ്ലാറ്റ്‌ഫോമുകൾ കൗമാരക്കാരിലെ ജീവിതത്തിൽ വലിയ സ്വാധീനം ചെലുത്തുന്നു. ഇത് അവരുടെ സാമൂഹിക ഇടപഴകലുകളെയും മാനസിക ആരോഗ്യത്തെയും സ്വാധീനിക്കുന്നു. സോഷ്യൽ മീഡിയ ഉപയോഗം അവരുടെ സ്വയം മൂല്യനിർണ്ണയത്തെയും ബന്ധങ്ങളെയും സ്വാധീനിക്കുന്നു.
സാമൂഹിക ഇടപഴകലുകൾ

സോഷ്യൽ മീഡിയ കൗമാരക്കാർക്ക് പുതിയ സുഹൃത്തുക്കളെ കണ്ടെത്താനും ബന്ധങ്ങൾ വളർത്താനും സഹായിക്കുന്നു. എന്നാൽ, ഇത് അവരുടെ യഥാർത്ഥ ജീവിതത്തിലെ സാമൂഹിക ഇടപഴകലുകളെ കുറയ്ക്കാം. ഓൺലൈൻ ഇടപഴകലുകൾ അവരുടെ സാമൂഹിക ജീവിതത്തിന്റെ ഭാഗമാകുന്നതിനാൽ, അവർ യഥാർത്ഥ ജീവിതത്തിൽ നിന്ന് അകന്നുപോകാം.
മാനസിക ആരോഗ്യം

സോഷ്യൽ മീഡിയ ഉപയോഗം കൗമാരക്കാരിലെ മാനസിക ആരോഗ്യത്തെ സ്വാധീനിക്കാം. സോഷ്യൽ മീഡിയയിലെ താരതമ്യങ്ങൾ അവരുടെ സ്വയം മൂല്യനിർണ്ണയത്തെ ബാധിക്കാം. അവർ സ്വയം മൂല്യവത്തായി കാണുന്നത് ലൈക്കുകളുടെയും ഫോളോവേഴ്‌സുകളുടെയും എണ്ണത്തെ ആശ്രയിച്ചിരിക്കുന്നു.
സ്വയം മൂല്യനിർണ്ണയം

സോഷ്യൽ മീഡിയ അവരുടെ സ്വയം മൂല്യനിർണ്ണയത്തെ സ്വാധീനിക്കുന്നു. അവർ സ്വയം മൂല്യവത്തായി കാണുന്നത് ഓൺലൈൻ പ്രതികരണങ്ങളെ ആശ്രയിച്ചിരിക്കുന്നു. ഇത് അവരുടെ മാനസിക ആരോഗ്യത്തെ ബാധിക്കാം.
അവസാനം

സോഷ്യൽ മീഡിയ കൗമാരക്കാരിൽ വലിയ സ്വാധീനം ചെലുത്തുന്നു. ഇത് അവരുടെ സാമൂഹിക ഇടപഴകലുകളെയും മാനസിക ആരോഗ്യത്തെയും സ്വാധീനിക്കുന്നു. അതിനാൽ, സോഷ്യൽ മീഡിയ ഉപയോഗം നിയന്ത്രിക്കുകയും യഥാർത്ഥ ജീവിതത്തിലെ ബന്ധങ്ങൾ വളർത്തുകയും ചെയ്യുന്നത് പ്രധാനമാണ്.

ഈ ലേഖനം സോഷ്യൽ മീഡിയയുടെ കൗമാരക്കാരിൽ ചെലുത്തുന്ന സ്വാധീനത്തെക്കുറിച്ച് വിശദീകരിക്കുന്നു. ഇത് അവരുടെ സാമൂഹിക ഇടപഴകലുകളെയും മാനസിക ആരോഗ്യത്തെയും സ്വാധീനിക്കുന്നു.","കൗമാരക്കാരിൽ സോഷ്യൽ മീഡിയ ചെലുത്തുന്ന സ്വാധീനം വളരെ വലുതാണ്. അതിന്റെ നല്ലതും ചീത്തതുമായ ചില വശങ്ങൾ താഴെ നൽകുന്നു:

നല്ല വശങ്ങൾ: *വിദ്യാഭ്യാസം: പഠനത്തിനാവശ്യമായ വിവരങ്ങൾ ലഭിക്കാനും, ഓൺലൈൻ കോഴ്സുകൾ ചെയ്യാനും സോഷ്യൽ മീഡിയ സഹായിക്കുന്നു. *ബന്ധങ്ങൾ: കൂട്ടുകാരുമായി എപ്പോഴും ബന്ധം നിലനിർത്താനും പുതിയ സൗഹൃദങ്ങൾ ഉണ്ടാക്കാനും സാധിക്കുന്നു. *അഭിപ്രായ സ്വാതന്ത്ര്യം: സ്വന്തം അഭിപ്രായങ്ങളും കഴിവുകളും പ്രകടിപ്പിക്കാനുള്ള അവസരം ലഭിക്കുന്നു. *സാമൂഹിക അവബോധം: സാമൂഹിക പ്രശ്നങ്ങളെക്കുറിച്ച് അറിയാനും പ്രതികരിക്കാനും സാധിക്കുന്നു.

ചീത്ത വശങ്ങൾ: *സൈബർBullying: കളിയാക്കലുകൾ, ഭീഷണികൾ, അപമാനിക്കലുകൾ എന്നിവ ഓൺലൈനായി നടക്കുന്നത് മാനസികാരോഗ്യത്തെ ബാധിക്കുന്നു. *അമിത ഉപയോഗം: സോഷ്യൽ മീഡിയയിൽ കൂടുതൽ സമയം ചെലവഴിക്കുന്നത് പഠനത്തെയും ഉറക്കത്തെയും ബാധിക്കുന്നു. *തെറ്റായ വിവരങ്ങൾ: വ്യാജ വാർത്തകളും തെറ്റായ വിവരങ്ങളും പ്രചരിക്കുന്നത് തെറ്റിദ്ധാരണകൾ ഉണ്ടാക്കുന്നു. *സ്വകാര്യത: വ്യക്തിപരമായ വിവരങ്ങൾ ചോർത്തപ്പെടാനുള്ള സാധ്യതയുണ്ട്. *ആരോഗ്യ പ്രശ്നങ്ങൾ: വ്യായാമം കുറയുന്നത് உடல்நல പ്രശ്നങ്ങൾക്ക് കാരണമാകുന്നു. അതുപോലെ ஸ்கிரீன் டைம் കൂടുന്നത് கண் பார்வையை ബാധിക്കുന്നു.

എങ്ങനെ സുരക്ഷിതമായി ഉപയോഗിക്കാം: *സമയം നിയന്ത്രിക്കുക: സോഷ്യൽ മീഡിയ ഉപയോഗിക്കുന്ന സമയം പരിമിതപ്പെടുത്തുക. *സ്വകാര്യത സംരക്ഷിക്കുക: വ്യക്തിഗത വിവരങ്ങൾ സുരക്ഷിതമായി സൂക്ഷിക്കുക. *വിശ്വാസയോഗ്യമല്ലാത്ത കാര്യങ്ങൾ പ്രചരിപ്പിക്കാതിരിക്കുക: உண்மைத் தன்மையை ഉറപ്പുവരുത്താതെ ഒരു விஷயத்தையும் ஃபார்வர்ட் செய்யாதீர்கள். *സൈബർ Bullying നെതിരെ പ്രതികരിക്കുക: யாராவது துன்புறுத்தினால் அது குறித்து முறையிடுங்கள்.

സോഷ്യൽ മീഡിയയുടെ ഉപയോഗം വ്യക്തിപരമായ കാര്യങ്ങളെ ആശ്രയിച്ചിരിക്കുന്നു. അതിനാൽ കൗമാരക്കാർ ഇതിനെക്കുറിച്ച് ബോധവാന്മാരായിരിക്കേണ്ടത് അത്യാവശ്യമാണ്."
"ഇന്നത്തെ സ്ത്രീകൾ തൊഴിലുകൾ ഏറ്റെടുക്കാനും ജോലി ചെയ്യാനും താല്പര്യപ്പെടുന്നു. അങ്ങനെ, കുടുംബത്തിൽ അവർക്ക് തുല്യ ബഹുമാനവും അന്തസ്സും ലഭിക്കുന്നു. സ്വതന്ത്ര ഇന്ത്യയിലെ സ്ത്രീകൾക്കും പുരുഷന്മാരുമായി താരതമ്യപ്പെടുത്തുമ്പോൾ തുല്യ ജോലിക്ക് തുല്യ വേതനം ലഭിക്കുന്നു. കൂടാതെ, അവർക്ക് പ്രസവാവധിക്കുള്ള വ്യവസ്ഥകളും ഉണ്ട്. കൂടാതെ, ഇന്ത്യൻ ഭരണഘടനയുടെ ആർട്ടിക്കിൾ 16 പ്രകാരം സ്ത്രീകൾക്ക് തുല്യ അവസരവും നൽകുന്നു.
വിദ്യാഭ്യാസ നില

നഗരപ്രദേശങ്ങളിലെ പെൺകുട്ടികൾ ആൺകുട്ടികളോടൊപ്പം വിദ്യാഭ്യാസത്തിൽ ഏതാണ്ട് തുല്യരാണ്. എന്നാൽ ഗ്രാമപ്രദേശങ്ങളിൽ വിദ്യാഭ്യാസം കുറഞ്ഞ സ്ത്രീ ജനസംഖ്യയുണ്ട്. ഇത് ഗ്രാമീണ ഇന്ത്യയുടെ സാമൂഹികവും സാമ്പത്തികവുമായ വികസനത്തെയും ബാധിച്ചിട്ടുണ്ട്. സ്കൂളുകളിലെ മോശം (ശുചിത്വ സൗകര്യങ്ങൾ) സൗകര്യങ്ങളും വനിതാ ജീവനക്കാരുടെ അഭാവവും വിദ്യാഭ്യാസത്തെ ബാധിച്ചിട്ടുണ്ട്. കേരളത്തിലും മിസോറാമിലും സാർവത്രിക സാക്ഷരതാ നിരക്ക് ഉണ്ട്.
സ്ത്രീകളും രാഷ്ട്രീയവും

ലോകത്ത് ഏറ്റവും കൂടുതൽ വനിതാ രാഷ്ട്രീയക്കാർ ഇന്ത്യയിലാണ്. പ്രസിഡന്റ്, പ്രധാനമന്ത്രി, ലോക്‌സഭാ സ്പീക്കർ തുടങ്ങിയ സുപ്രധാന സ്ഥാനങ്ങൾ സ്ത്രീകൾ വഹിച്ചിട്ടുണ്ട്. 15 വർഷം പ്രധാനമന്ത്രി പദം വഹിച്ച ആദ്യ വനിതയാണ് "" ഇന്ദിരാഗാന്ധി "".
സ്ത്രീകൾക്കെതിരായ തിന്മകൾ

സ്ത്രീധനത്തിന്റെ പേരിൽ അടുക്കളയിൽ തീയിടൽ, ലൈംഗികാതിക്രമങ്ങൾ, ബലാത്സംഗ കേസുകൾ, വേശ്യാവൃത്തി, ആസിഡ് ഒഴിക്കൽ എന്നിവ ഇന്ത്യയിൽ സ്ത്രീകൾക്കെതിരായ അതിക്രമങ്ങളിൽ ഉൾപ്പെടുന്നു. കൂടാതെ, ശൈശവ വിവാഹങ്ങളുടെ തിന്മകളും ഇന്നും വ്യാപകമാണ്. സ്ത്രീ ശിശുഹത്യ, അസഭ്യമായ പെരുമാറ്റം, ദുരഭിമാനക്കൊല എന്നിവ സ്ത്രീകളുടെ ദുരിതത്തിന് ആക്കം കൂട്ടുന്നു. കൂടാതെ, ലിംഗഭേദം തിരഞ്ഞെടുത്ത ഗർഭഛിദ്രം ലിംഗാനുപാതത്തിലെ അസമത്വത്തിലേക്ക് നയിക്കുന്ന ആഴത്തിൽ വേരൂന്നിയ ഒരു തിന്മയാണ്.
ഇന്ത്യയിലെ സ്ത്രീകളുടെ നിലവിലെ അവസ്ഥ

രാജ്യത്തുടനീളമുള്ള സ്വാതന്ത്ര്യ പ്രസ്ഥാനത്തിന്റെ വികാസത്തെത്തുടർന്ന്, സമൂഹത്തിലെ സ്ത്രീകൾ ഉയർന്നുവരാനും അവരുടെ പുറംതോടുകളിലൂടെ പൊട്ടിത്തെറിക്കാനും തുടങ്ങി. വലിയൊരു വിഭാഗം സ്ത്രീകൾക്ക് പഠിക്കാനും വിദ്യാഭ്യാസം നേടാനുമുള്ള അവസരം ലഭിക്കാൻ തുടങ്ങി. നിലവിൽ, ഇന്ത്യയിൽ മെഡിക്കൽ, സാങ്കേതിക, അദ്ധ്യാപനം, നിയമം അല്ലെങ്കിൽ മറ്റേതെങ്കിലും തൊഴിലുകളിൽ സ്ത്രീകളുടെ കുറവില്ല. വിവിധ ഓഫീസുകളിലും സംഘടനകളിലും ഉയർന്ന സ്ഥാനങ്ങൾ വഹിക്കുന്ന ശാക്തീകരിക്കപ്പെട്ട സ്ത്രീകളുടെ എണ്ണത്തിൽ വർദ്ധനവ് ഉണ്ടായിട്ടുണ്ട്.

സ്ത്രീകൾ വൈവിധ്യമാർന്ന തൊഴിലുകളിൽ ഏർപ്പെടുകയും സാങ്കേതികവിദ്യ, നിയമം, ഭരണം, അദ്ധ്യാപനം തുടങ്ങിയ വിവിധ മേഖലകളിൽ പുരുഷന്മാരോടൊപ്പം മത്സരിക്കുകയും ചെയ്യുന്നു. പരമ്പരാഗത തൊഴിലുകൾക്ക് പുറമേ, പി ടി ഉഷ, സാനിയ മിർസ, പി വി സിന്ധു, മിതാലി രാജ്, മേരി കോം, സൈന നെഹ്‌വാൾ, ദീപ കർമാകർ തുടങ്ങിയവരും ഇന്ത്യയിലെ നിരവധി അഭിലാഷമുള്ള കായിക വനിതകളെ പ്രതിനിധീകരിക്കുകയും പ്രചോദനം നൽകുകയും ചെയ്തിട്ടുള്ള സ്ത്രീകൾ നമുക്കുണ്ട്.

കലാ-വിനോദ വ്യവസായങ്ങളുടെ തുടക്കം മുതൽ തന്നെ അവയിൽ ഗണ്യമായ സ്വാധീനം ചെലുത്തിയ സ്ത്രീകളും നിരവധി കലാ വിദ്യാലയങ്ങളിലെ സാംസ്കാരിക വ്യക്തിത്വങ്ങളും നമുക്കുണ്ട്. ഇന്ദിരാഗാന്ധി, വിജയ് ലക്ഷ്മി പണ്ഡിറ്റ്, ആനി ബസന്റ്, മഹാദേവി വർമ്മ, നിത അംബാനി, സച്ചേത് കൃപലാനി, അമൃത പ്രീതം, സുഷമ സ്വരാജ്, പത്മജ നായിഡു, കൽപ്പന ചൗള, മദർ തെരേസ, സുഭദ്ര കുമാരി ചൗഹാൻ, തുടങ്ങിയവർ സ്ത്രീകളുടെ പദവിയിൽ കാര്യമായ മാറ്റങ്ങൾ വരുത്തിയ ചില മികച്ച ഇന്ത്യൻ വനിതാ നേതാക്കൾ, സാമൂഹിക പരിഷ്കർത്താക്കൾ, സാമൂഹിക പ്രവർത്തകർ, ഭരണാധികാരികൾ, സാഹിത്യകാരന്മാർ എന്നിവരാണ്.
തീരുമാനം

മുൻകാലങ്ങളെ അപേക്ഷിച്ച് സ്ത്രീകളുടെ അവസ്ഥയിൽ സ്ഥിരമായ ഒരു പരിവർത്തനം ഉണ്ടായിട്ടുണ്ട്. ഇന്നത്തെ സ്ത്രീകൾ രാഷ്ട്രീയം, പദവി, സൈനിക മേഖലകൾ, സാമ്പത്തികം, സേവനം, സാങ്കേതിക മേഖലകൾ തുടങ്ങിയ മേഖലകളിൽ പൂർണ്ണമായും പങ്കെടുക്കുന്നു. മാത്രമല്ല, അവർ കായികരംഗത്തും പൂർണ്ണമായും സംഭാവന നൽകിയിട്ടുണ്ട്. അങ്ങനെ, കുടുംബത്തിലും സമൂഹത്തിലും അവർക്ക് മാന്യമായ ഒരു സ്ഥാനം ലഭിച്ചിട്ടുണ്ട്.

എന്നിരുന്നാലും, സ്ത്രീകൾക്കെതിരായ കുറ്റകൃത്യങ്ങൾ അവസാനിപ്പിക്കുന്നത് ഇപ്പോഴും ഒരു വെല്ലുവിളിയാണ്. ഇന്ത്യയിൽ സ്ത്രീകളുടെ അവകാശങ്ങളിൽ ഗണ്യമായ പുരോഗതി ഉണ്ടായിട്ടും, ബലാത്സംഗം, ലിംഗ വിവേചനം തുടങ്ങിയ വിവിധ രീതികളിൽ അവർ ഇപ്പോഴും ചൂഷണം ചെയ്യപ്പെടുകയും, പീഡിപ്പിക്കപ്പെടുകയും, ദുരുപയോഗം ചെയ്യപ്പെടുകയും ചെയ്യുന്നു. സ്ത്രീകളുടെ സ്വയംഭരണം ഉറപ്പാക്കുന്നതിലൂടെയും കുടുംബത്തിലും പൊതുജീവിതത്തിലും പങ്കാളിത്തവും തീരുമാനമെടുക്കാനുള്ള ശക്തിയും വർദ്ധിപ്പിക്കുന്നതിലൂടെയും നമുക്ക് ദോഷങ്ങൾ തടയാൻ കഴിയും.","ഇന്ത്യയിലെ സ്ത്രീകളുടെ അവസ്ഥ

ഇന്ത്യ, ദൈവങ്ങളിൽ പോലും സ്ത്രീയെ “ശക്തി” എന്നനാമത്തിൽ ആരാധിക്കുന്ന ദേശം. അതുപോലെ തന്നെ നമ്മുടെ പാരമ്പര്യത്തിലും സംസ്കാരത്തിലും സ്ത്രീകൾക്ക് വലിയ സ്ഥാനമുണ്ട്. എന്നാൽ യാഥാർത്ഥ്യത്തിൽ, സ്ത്രീകളുടെ അവസ്ഥ ഇന്നും പല മേഖലകളിലും ആശങ്കാജനകമാണ്. വിദ്യാർത്ഥികൾക്കും അധ്യാപകർക്കുമെല്ലാം സമകാലിക സമൂഹത്തെ മനസ്സിലാക്കാനും സംവേദനപരമായ സമീപനം വളർത്താനുമുള്ള പ്രാധാന്യമുള്ള വിഷയമാണിത്.

ഇന്നത്തെ ഇന്ത്യയിൽ സ്ത്രീകൾ വിദ്യാഭ്യാസം, ജോലി, രാഷ്ട്രീയ, ആരോഗ്യം, സംരംഭകത്വം തുടങ്ങിയ മേഖലകളിൽ ശ്രദ്ധേയമായ മുന്നേറ്റം കൈവരിച്ചിട്ടുള്ളവരാണ്. നിരവധി വനിതകൾ രാജ്യാന്തര തലത്തിൽ പോലും പ്രശസ്തിയിലേക്ക് ഉയർന്നിട്ടുണ്ട്. സ്‌പോർട്സ്, ശാസ്ത്രം, ഐ.ടി., വ്യവസായം, നിയമം തുടങ്ങിയവയിൽ അവർ തെളിച്ചിച്ചിരിക്കുന്നു. എന്നാൽ അതിനൊപ്പം തന്നെ അവരുടെ സുരക്ഷ, ആത്മഗൗരവം, തുല്യത എന്നിവയ്‌ക്കായുള്ള പോരാട്ടം ഇന്നും തുടരുന്നു.

ഇത്തരം പ്രശ്‌നങ്ങൾക്കു കാരണമായത് സ്ത്രീകൾക്കായി നിർമ്മിച്ച പാഠ്യപ്രവർത്തനങ്ങളുടെയും സാമൂഹിക ചിന്തകളുടെയും കുറവാണ്. കുട്ടികൾക്കു ബാല്യത്തിലുതം സ്ത്രീപുരുഷ സാമ്യത്തെക്കുറിച്ചും ലിംഗസമത്വത്തെക്കുറിച്ചും പഠിപ്പിക്കേണ്ടത് അത്യാവശ്യമാണ്. അധ്യാപകർ അതിന് പ്രധാന പങ്ക് വഹിക്കേണ്ടതാണ്.

പല സ്ത്രീകൾക്ക് തൊഴിൽലോകത്തിൽ തുല്യ അവസരങ്ങൾ ലഭിക്കുന്നില്ല. ശമ്പള വ്യത്യാസം, സ്ഥാനഭേദം, മാനസിക പീഡനങ്ങൾ, ലൈംഗിക അതിക്രമങ്ങൾ തുടങ്ങിയ പ്രശ്‌നങ്ങൾ അവരെ പിന്നാക്കത്തിലാക്കുന്നു. നിത്യജീവിതത്തിൽ പോലും പലരും സമ്പൂർണ്ണ സ്വാതന്ത്ര്യം അനുഭവിക്കാനാകാതെ പോകുന്നു.

അതേസമയം, സർക്കാർ സ്ത്രീശക്തീകരണത്തിനായി വിവിധ പദ്ധതികൾ നടപ്പിലാക്കിയിട്ടുണ്ട് – ""ബേട്ടി ബചാവോ, ബേട്ടി പഡാവോ"", ""സുകന്യ സമൃദ്ധി"", ""ഉജ്ജ്വല യോജന"", ""സെൽഫ് ഹെൽപ്പ് ഗ്രൂപ്പുകൾ"" തുടങ്ങി. ഇതെല്ലാം സ്ത്രീകളെ വിദ്യാഭ്യാസം, തൊഴിൽ, ആരോഗ്യസംരക്ഷണം തുടങ്ങിയവയിലേക്ക് ഉദ്ദേശിച്ചു കൊണ്ട് കൊണ്ടുവരുകയാണ്.

സംഗ്രഹമായി, ഇന്ത്യയിലെ സ്ത്രീകളുടെ സ്ഥിതി കഴിഞ്ഞ കുറച്ച് വർഷങ്ങളിൽ മെച്ചപ്പെട്ടിട്ടുണ്ടെങ്കിലും, ഇപ്പോഴും സമ്പൂർണമായ തുല്യതയിലേക്ക് നീങ്ങേണ്ട വലിയ വഴിയുണ്ട്. വിദ്യാർത്ഥികളായ നമ്മൾ ഇന്ന് പഠിക്കുന്നതിലൂടെ, നാളെയുടെ സമത്വപരമായ സമൂഹം രൂപപ്പെടുത്താൻ നിർണ്ണായക പങ്ക് വഹിക്കണം. അതിനായി സ്ത്രീകളെ ബഹുമാനിക്കുകയും, അവരെ പിന്തുണയ്ക്കുകയും ചെയ്യുന്ന മനോഭാവം വളർത്തേണ്ടത് വിദ്യാർത്ഥികളുടെയും അധ്യാപകരുടെയും ഒരേ പോലെ കടമയാണ്.

","ഇന്ത്യയിലെ സ്ത്രീകളുടെ അവസ്ഥയെക്കുറിച്ച് ഒരു ഉപന്യാസം താഴെ നൽകുന്നു:

ഇന്ത്യയിലെ സ്ത്രീകൾ നൂറ്റാണ്ടുകളായി സാമൂഹികവും സാമ്പത്തികവും രാഷ്ട്രീയവുമായ വെല്ലുവിളികൾ നേരിടുന്നു. പുരാതന കാലത്ത് സ്ത്രീകൾക്ക് സമൂഹത്തിൽ ഉയർന്ന സ്ഥാനം ഉണ്ടായിരുന്നുവെങ്കിലും, മധ്യകാലഘട്ടത്തോടെ അവരുടെ അവസ്ഥ മോശമായി. പത്തൊൻപതാം നൂറ്റാണ്ടിലും ഇരുപതാം നൂറ്റാണ്ടിലുമായി സാമൂഹിക പരിഷ്കർത്താക്കളുടെയും സ്വാതന്ത്ര്യ സമര സേനാനികളുടെയും ശ്രമഫലമായി സ്ത്രീകളുടെ അവസ്ഥയിൽ കാര്യമായ മാറ്റങ്ങൾ വന്നു.

ഇന്ന്, ഇന്ത്യൻ സ്ത്രീകൾ വിവിധ മേഖലകളിൽ പുരുഷന്മാരോടൊപ്പം പ്രവർത്തിക്കുന്നു. രാഷ്ട്രപതി, പ്രധാനമന്ത്രി, ലോകസഭാ സ്പീക്കർ തുടങ്ങിയ ഉയർന്ന സ്ഥാനങ്ങൾ സ്ത്രീകൾ വഹിച്ചിട്ടുണ്ട്. എന്നിരുന്നാലും, ഇപ്പോഴും സ്ത്രീകൾ പലതരത്തിലുള്ള വിവേചനങ്ങൾക്കും അതിക്രമങ്ങൾക്കും ഇരയാകുന്നു.

സ്ത്രീകൾ നേരിടുന്ന പ്രധാന വെല്ലുവിളികൾ:

    സ്ത്രീധനം: സ്ത്രീധനവുമായി ബന്ധപ്പെട്ട പീഡനങ്ങളും കൊലപാതകങ്ങളും ഇപ്പോഴും നടക്കുന്നു.
    ബലാത്സംഗം: സ്ത്രീകൾക്കെതിരായ ലൈംഗികാതിക്രമങ്ങൾ വർധിച്ചുവരുന്നു.
    ഗാർഹിക പീഡനം: വീടുകളിൽ സ്ത്രീകൾ ശാരീരികവും മാനസികവുമായ പീഡനങ്ങൾ അനുഭവിക്കുന്നു.
    വിദ്യാഭ്യാസം: പല പെൺകുട്ടികൾക്കും വിദ്യാഭ്യാസം നിഷേധിക്കപ്പെടുന്നു.
    തൊഴിൽ: സ്ത്രീകൾക്ക് തുല്യമായ തൊഴിൽ അവസരങ്ങൾ ലഭിക്കുന്നില്ല.
    ആരോഗ്യം: സ്ത്രീകൾക്ക് മതിയായ ആരോഗ്യ പരിരക്ഷ ലഭിക്കുന്നില്ല.
    രാഷ്ട്രീയം: രാഷ്ട്രീയത്തിൽ സ്ത്രീകളുടെ പങ്കാളിത്തം കുറവാണ്.

സ്ത്രീകളുടെ അവകാശങ്ങൾക്കായി നിലകൊള്ളുന്ന നിയമങ്ങൾ:

    ഗാർഹിക പീഡനത്തിൽ നിന്നുള്ള സംരക്ഷണ നിയമം, 2005
    സ്ത്രീധന നിരോധന നിയമം, 1961
    ലൈംഗികാതിക്രമത്തിൽ നിന്നുള്ള കുട്ടികളുടെ സംരക്ഷണ നിയമം, 2012
    തുല്യവേതന നിയമം, 1976

ഈ നിയമങ്ങൾ ഉണ്ടായിരുന്നിട്ടും, സ്ത്രീകൾക്കെതിരായ അതിക്രമങ്ങൾ വർധിച്ചുവരുന്നത് ആശങ്കാജനകമാണ്. സ്ത്രീകൾക്ക് നീതി ഉറപ്പാക്കാൻ സമൂഹത്തിന്റെ കൂട്ടായ ശ്രമം ആവശ്യമാണ്.

വിദ്യാർത്ഥികൾക്കും അധ്യാപകർക്കും ചെയ്യാൻ കഴിയുന്ന കാര്യങ്ങൾ:

    സ്ത്രീകളുടെ അവകാശങ്ങളെക്കുറിച്ച് ബോധവൽക്കരണം നടത്തുക.
    ലിംഗസമത്വത്തെക്കുറിച്ച് ചർച്ചകൾ സംഘടിപ്പിക്കുക.
    സ്ത്രീകൾക്കെതിരായ അതിക്രമങ്ങൾക്കെതിരെ ശബ്ദമുയർത്തുക.
    സ്ത്രീകളെ ബഹുമാനിക്കാനും തുല്യതയോടെ പരിഗണിക്കാനും പഠിപ്പിക്കുക.

ഇന്ത്യയിലെ സ്ത്രീകൾക്ക് സുരക്ഷിതവും മാന്യവുമായ ജീവിതം ഉറപ്പാക്കാൻ എല്ലാവരും ഒത്തൊരുമിച്ച് പ്രവർത്തിക്കേണ്ടത് അത്യാവശ്യമാണ്.","ഇന്ത്യയിലെ സ്ത്രീകളുടെ അവസ്ഥ വിദ്യാർത്ഥികൾക്കും അധ്യാപകർക്കും പഠിക്കാനും ചർച്ച ചെയ്യാനും വളരെ പ്രധാനപ്പെട്ട ഒരു വിഷയമാണ്. ഇവിടെ ഈ വിഷയത്തെക്കുറിച്ച് ഒരു ഉപന്യാസം എഴുതാം:
ഇന്ത്യയിലെ സ്ത്രീകളുടെ അവസ്ഥ: വികസനവും വെല്ലുവിളികളും

ഇന്ത്യയിലെ സ്ത്രീകളുടെ അവസ്ഥ വളരെ സങ്കീർണ്ണമായ ഒന്നാണ്. വിവിധ സാമൂഹിക, സാമ്പത്തിക, രാഷ്ട്രീയ ഘടകങ്ങൾ അവരുടെ ജീവിതത്തെ സ്വാധീനിക്കുന്നു. ഇന്ത്യയിലെ സ്ത്രീകൾ വിവിധ മേഖലകളിൽ വളരെയധികം മുന്നേറ്റങ്ങൾ കൈവരിച്ചിട്ടുണ്ടെങ്കിലും, ഇപ്പോഴും നിരവധി വെല്ലുവിളികൾ നേരിടുന്നു.
വിദ്യാഭ്യാസം

വിദ്യാഭ്യാസത്തിന്റെ കാര്യത്തിൽ, ഇന്ത്യയിലെ സ്ത്രീകൾ വളരെയധികം മുന്നേറ്റങ്ങൾ കൈവരിച്ചിട്ടുണ്ട്. എന്നാൽ, ഗ്രാമീണ മേഖലകളിൽ സ്ത്രീകളുടെ വിദ്യാഭ്യാസ നിലവാരം ഇപ്പോഴും പിന്നാക്കം നിൽക്കുന്നു. സാമൂഹിക സാമ്പത്തിക വിവേചനങ്ങൾ മൂലം നിരവധി പെൺകുട്ടികൾക്ക് വിദ്യാഭ്യാസത്തിന്റെ അവസരങ്ങൾ ലഭിക്കാതെ വരുന്നു.
തൊഴിൽ അവസരങ്ങൾ

ഇന്ത്യയിലെ സ്ത്രീകൾക്ക് തൊഴിൽ അവസരങ്ങൾ വർദ്ധിച്ചിട്ടുണ്ടെങ്കിലും, ലിംഗവിവേചനം ഇപ്പോഴും ഒരു പ്രധാന പ്രശ്നമാണ്. സ്ത്രീകൾക്ക് തുല്യ വേതനവും അവസരങ്ങളും ലഭിക്കാത്ത സാഹചര്യങ്ങൾ ഇപ്പോഴും നിലനിൽക്കുന്നു.
സാമൂഹിക സുരക്ഷ

ഇന്ത്യയിലെ സ്ത്രീകൾക്ക് സാമൂഹിക സുരക്ഷ ഒരു പ്രധാന ആശങ്കയാണ്. ലൈംഗിക പീഡനം, ബലാത്സംഗം, സ്ത്രീധന കൊലപാതകം തുടങ്ങിയ പ്രശ്നങ്ങൾ ഇപ്പോഴും നിലനിൽക്കുന്നു. ഇത്തരം പ്രശ്നങ്ങൾക്കെതിരെ നിയമനിർമ്മാണങ്ങൾ നടപ്പിലാക്കുന്നത് അത്യന്താപേക്ഷിതമാണ്.
ആരോഗ്യം

സ്ത്രീകളുടെ ആരോഗ്യം മെച്ചപ്പെടുത്തുന്നതിന് നിരവധി പദ്ധതികൾ നടപ്പിലാക്കിയിട്ടുണ്ടെങ്കിലും, ഗ്രാമീണ മേഖലകളിൽ ആരോഗ്യ സേവനങ്ങൾ ലഭ്യമാകാത്ത സാഹചര്യങ്ങൾ ഇപ്പോഴും നിലനിൽക്കുന്നു.
അവസാനം

ഇന്ത്യയിലെ സ്ത്രീകളുടെ അവസ്ഥ മെച്ചപ്പെടുത്തുന്നതിന് വിദ്യാഭ്യാസം, തൊഴിൽ അവസരങ്ങൾ, സാമൂഹിക സുരക്ഷ, ആരോഗ്യം എന്നിവയിൽ ശ്രദ്ധ കേന്ദ്രീകരിക്കുന്നത് അത്യന്താപേക്ഷിതമാണ്. വിദ്യാർത്ഥികളും അധ്യാപകരും ഈ വിഷയത്തെക്കുറിച്ച് അവബോധം വളർത്തുന്നത് സമൂഹത്തിന്റെ വികസനത്തിന് സഹായിക്കും.

ഈ ഉപന്യാസം ഇന്ത്യയിലെ സ്ത്രീകളുടെ അവസ്ഥയെക്കുറിച്ച് വിദ്യാർത്ഥികൾക്കും അധ്യാപകർക്കും അവബോധം നൽകുന്നു. വിദ്യാഭ്യാസം, തൊഴിൽ അവസരങ്ങൾ, സാമൂഹിക സുരക്ഷ, ആരോഗ്യം എന്നിവയിൽ ശ്രദ്ധ കേന്ദ്രീകരിക്കുന്നത് അവരുടെ അവസ്ഥ മെച്ചപ്പെടുത്തുന്നതിന് സഹായിക്കും.","ഇന്ത്യയിലെ സ്ത്രീകളുടെ സ്ഥാനം: വിദ്യാർത്ഥികൾക്കും അധ്യാപകർക്കും ഒരു പഠനം

ഇന്ത്യൻ സമൂഹത്തിൽ സ്ത്രീകളുടെ സ്ഥാനം ഒരു സങ്കീർണ്ണമായ വിഷയമാണ്. ചരിത്രപരമായും സാമൂഹികപരമായും നിരവധി മാറ്റങ്ങൾ സംഭവിച്ചിട്ടുണ്ട്. ഈ ലേഖനം വിദ്യാർത്ഥികൾക്കും അധ്യാപകർക്കും ഒരുപോലെ പ്രയോജനകരമാകുന്ന രീതിയിൽ തയ്യാറാക്കിയിരിക്കുന്നു.

ചരിത്രപരമായ പശ്ചാത്തലം സിന്ധു നദീതട സംസ്കാരം: ഈ കാലഘട്ടത്തിൽ സ്ത്രീകൾക്ക് ഉയർന്ന സ്ഥാനമുണ്ടായിരുന്നു. മാതൃദായക്രമം നിലനിന്നിരുന്നതായി കരുതപ്പെടുന്നു. വേദ കാലഘട്ടം: ഈ കാലഘട്ടത്തിലും സ്ത്രീകൾക്ക് സമൂഹത്തിൽ ആദരണീയമായ സ്ഥാനമുണ്ടായിരുന്നു. വിദ്യാഭ്യാസം നേടാനും മതപരമായ കാര്യങ്ങളിൽ പങ്കെടുക്കാനും അവർക്ക് അവസരമുണ്ടായി. മധ്യകാലഘട്ടം: ഈ കാലഘട്ടത്തിൽ സ്ത്രീകളുടെ അവസ്ഥയിൽ മാറ്റങ്ങൾ വന്നു. ബാലവിവാഹം, സതി തുടങ്ങിയ ദുരാചാരങ്ങൾ പ്രചാരത്തിൽ വന്നു. സ്ത്രീകളുടെ വിദ്യാഭ്യാസം കുറഞ്ഞു, അവരെ വീടിന്റെ നാല് ചുവരുകൾക്കുള്ളിൽ ഒതുക്കി. colonial ഭരണം: ഈ കാലഘട്ടത്തിൽ സാമൂഹിക പരിഷ്കർത്താക്കളുടെ ശ്രമഫലമായി സ്ത്രീകളുടെ ഉന്നമനത്തിനായി പല നിയമങ്ങളും നിലവിൽ വന്നു. സതി നിർത്തലാക്കൽ, விதவை പുനർവിവാഹം തുടങ്ങിയവ ഉദാഹരണങ്ങളാണ്.

സ്വാതന്ത്ര്യാനന്തര ഭാരതം ഇന്ത്യൻ ഭരണഘടന സ്ത്രീകൾക്ക് തുല്യ അവകാശങ്ങൾ ഉറപ്പുനൽകുന്നു. വിദ്യാഭ്യാസം, തൊഴിൽ, രാഷ്ട്രീയം തുടങ്ങിയ മേഖലകളിൽ സ്ത്രീകൾക്ക് പുരുഷന്മാരുമായി തുല്യ അവസരങ്ങളുണ്ട്.

വിദ്യാഭ്യാസം: ഇന്ന് ധാരാളം പെൺകുട്ടികൾ വിദ്യാഭ്യാസം നേടുന്നുണ്ട്. അവർ ഡോക്ടർമാർ, എഞ്ചിനീയർമാർ, അധ്യാപകർ തുടങ്ങിയ വിവിധ മേഖലകളിൽ പ്രവർത്തിക്കുന്നു. രാഷ്ട്രീയം: സ്ത്രീകൾ ഇന്ന് രാഷ്ട്രീയത്തിലും സജീവമാണ്. പഞ്ചായത്ത് തലം മുതൽ പാർലമെന്റ് വരെ അവർ തങ്ങളുടെ സാന്നിധ്യമറിയിക്കുന്നു. സാമ്പത്തികരംഗം: സ്ത്രീകൾ ഇന്ന് സ്വന്തമായി സംരംഭങ്ങൾ തുടങ്ങുകയും സാമ്പത്തികമായി സ്വയംപര്യാപ്തത നേടുകയും ചെയ്യുന്നു.

വെല്ലുവിളികൾ സ്ത്രീകൾക്ക് ധാരാളം അവസരങ്ങൾ ഉണ്ടെങ്കിലും, അവർ ഇന്നും പല വെല്ലുവിളികളും നേരിടുന്നുണ്ട്:
ലിംഗവിവേചനം: പലയിടത്തും സ്ത്രീകൾക്ക് തുല്യ വേതനം ലഭിക്കുന്നില്ല.
ഗാർഹിക പീഡനം: ഇത് ഒരു വലിയ സാമൂഹിക പ്രശ്നമാണ്.
സ്ത്രീധനം: സ്ത്രീധനവുമായി ബന്ധപ്പെട്ട പ്രശ്നങ്ങൾ ഇന്നും നിലനിൽക്കുന്നു.
സുരക്ഷ: സ്ത്രീകൾക്കെതിരായ അതിക്രമങ്ങൾ വർധിച്ചു വരുന്നു.
സ്ത്രീ ശാക്തീകരണം സ്ത്രീകളെ സാമൂഹികപരമായും സാമ്പത്തികപരമായും രാഷ്ട്രീയപരമായും ശക്തിപ്പെടുത്തുന്ന പ്രക്രിയയാണ് സ്ത്രീ ശാക്തീകരണം. ഇതിലൂടെ സ്ത്രീകൾക്ക് സ്വന്തമായി തീരുമാനങ്ങൾ എടുക്കാനും അവരുടെ അവകാശങ്ങൾ നേടിയെടുക്കാനും സാധിക്കുന്നു.

വിദ്യാർത്ഥികളുടെയും അധ്യാപകരുടെയും പങ്ക് വിദ്യാർത്ഥികൾ:

ലിംഗസമത്വത്തെക്കുറിച്ച് അവബോധം വളർത്തുക.
സ്ത്രീകളെ ബഹുമാനിക്കുക.
ഗാർഹിക പീഡനത്തിനെതിരെ പ്രതികരിക്കുക. അധ്യാപകർ:
വിദ്യാർത്ഥികൾക്ക് ലിംഗസമത്വത്തെക്കുറിച്ച് പഠിപ്പിക്കുക.
സ്ത്രീകളെക്കുറിച്ചുള്ള തെറ്റായ ധാരണകൾ തിരുത്തുക.
സ്ത്രീ ശാക്തീകരണത്തിന് പ്രോത്സാഹനം നൽകുക.
ഉപസംഹാരം ഇന്ത്യയിൽ സ്ത്രീകളുടെ സ്ഥാനം മെച്ചപ്പെട്ടുവെങ്കിലും, ഇനിയും ഒരുപാട് മുന്നോട്ട് പോകാനുണ്ട്. വിദ്യാഭ്യാസം, നിയമപരമായ അവകാശങ്ങൾ, സാമൂഹിക അവബോധം എന്നിവയിലൂടെ സ്ത്രീ ശാക്തീകരണം സാധ്യമാക്കണം. ഒരു നല്ല സമൂഹം കെട്ടിപ്പടുക്കുന്നതിൽ സ്ത്രീകളുടെ പങ്ക് വളരെ വലുതാണ്.
ഈ ലേഖനം വിദ്യാർത്ഥികൾക്കും അധ്യാപകർക്കും ഒരുപോലെ പ്രയോജനപ്പെടുമെന്ന് വിശ്വസിക്കുന്നു. ഈ വിഷയത്തെക്കുറിച്ച് കൂടുതൽ അറിയുവാനും ചർച്ച ചെയ്യുവാനും ഇത് പ്രചോദനമാകട്ടെ."